#,Time,DNI (W/m2),Air Temp. (C),Humidity (%),Wind Speed (m/s),Inlet Temp. (C),SystemOn/Off,Av. Surface temp (heated zone) (C) ,Outlet Temp. (C) 
1,12/30/18 12:15 AM,0.0,1.7,78.0,2.7,6.5,0.0,3.7,6.6
2,12/30/18 12:30 AM,0.0,1.7,78.0,2.7,6.5,0.0,3.6,6.6
3,12/30/18 12:45 AM,0.0,1.7,78.0,2.7,6.5,0.0,3.6,6.6
4,12/30/18 1:00 AM,0.0,1.7,78.0,2.7,6.5,0.0,3.5,6.6
5,12/30/18 1:15 AM,0.0,2.2,76.0,1.3,6.5,0.0,3.4,6.6
6,12/30/18 1:30 AM,0.0,2.2,76.0,1.3,6.5,0.0,3.4,6.6
7,12/30/18 1:45 AM,0.0,2.2,76.0,1.3,6.5,0.0,3.4,6.6
8,12/30/18 2:00 AM,0.0,2.2,76.0,1.3,6.6,0.0,3.3,6.6
9,12/30/18 2:15 AM,0.0,2.8,73.0,1.3,6.6,0.0,3.3,6.6
10,12/30/18 2:30 AM,0.0,2.8,73.0,1.3,6.6,0.0,3.2,6.7
11,12/30/18 2:45 AM,0.0,2.8,73.0,1.3,6.6,0.0,3.2,6.6
12,12/30/18 3:00 AM,0.0,2.8,73.0,1.3,6.6,0.0,3.1,6.6
13,12/30/18 3:15 AM,0.0,3.3,70.0,1.3,6.6,0.0,3.1,6.6
14,12/30/18 3:30 AM,0.0,3.3,70.0,1.3,6.6,0.0,3.1,6.6
15,12/30/18 3:45 AM,0.0,3.3,70.0,1.3,6.6,0.0,3.0,6.5
16,12/30/18 4:00 AM,0.0,3.3,70.0,1.3,6.6,0.0,3.0,6.5
17,12/30/18 4:15 AM,0.0,3.3,73.0,0.0,6.5,0.0,3.0,6.5
18,12/30/18 4:30 AM,0.0,3.3,73.0,0.0,6.5,0.0,3.0,6.5
19,12/30/18 4:45 AM,0.0,3.3,73.0,0.0,6.5,0.0,3.0,6.4
20,12/30/18 5:00 AM,0.0,3.3,73.0,0.0,6.5,0.0,3.0,6.4
21,12/30/18 5:15 AM,0.0,3.3,73.0,2.7,6.5,0.0,3.0,6.4
22,12/30/18 5:30 AM,0.0,3.3,73.0,2.7,6.5,0.0,3.0,6.4
23,12/30/18 5:45 AM,0.0,3.3,73.0,2.7,6.4,0.0,2.9,6.3
24,12/30/18 6:00 AM,0.0,3.3,73.0,2.7,6.4,0.0,2.9,6.3
25,12/30/18 6:15 AM,0.0,3.3,73.0,2.7,6.4,0.0,2.9,6.3
26,12/30/18 6:30 AM,0.0,3.3,73.0,2.7,6.4,0.0,2.9,6.3
27,12/30/18 6:45 AM,0.0,3.3,73.0,2.7,6.4,0.0,3.0,6.3
28,12/30/18 7:00 AM,0.0,3.3,73.0,2.7,6.4,0.0,3.0,6.2
29,12/30/18 7:15 AM,0.0,3.9,70.0,2.7,6.3,0.0,3.0,6.2
30,12/30/18 7:30 AM,10.0,3.9,70.0,2.7,6.3,0.0,3.0,6.2
31,12/30/18 7:45 AM,10.0,3.9,70.0,2.7,6.3,0.0,3.1,6.2
32,12/30/18 8:00 AM,0.0,3.9,70.0,2.7,6.3,0.0,3.1,6.2
33,12/30/18 8:15 AM,0.0,4.4,68.0,0.0,6.3,0.0,3.1,6.2
34,12/30/18 8:30 AM,0.0,4.4,68.0,0.0,6.3,0.0,3.1,6.1
35,12/30/18 8:45 AM,0.0,4.4,68.0,0.0,6.3,0.0,3.1,6.1
36,12/30/18 9:00 AM,0.0,4.4,68.0,0.0,6.2,0.0,3.2,6.1
37,12/30/18 9:15 AM,0.0,4.4,70.0,2.2,6.2,0.0,3.2,6.1
38,12/30/18 9:30 AM,0.0,4.4,70.0,2.2,6.2,0.0,3.2,6.1
39,12/30/18 9:45 AM,0.0,4.4,70.0,2.2,6.2,0.0,3.2,6.1
40,12/30/18 10:00 AM,0.0,4.4,70.0,2.2,6.2,0.0,3.3,6.1
41,12/30/18 10:15 AM,0.0,5.0,67.0,1.3,6.2,0.0,3.3,6.0
42,12/30/18 10:30 AM,0.0,5.0,67.0,1.3,6.3,0.0,3.3,6.0
43,12/30/18 10:45 AM,0.0,5.0,67.0,1.3,6.3,0.0,3.4,6.0
44,12/30/18 11:00 AM,0.0,5.0,67.0,1.3,6.3,0.0,3.4,6.0
45,12/30/18 11:15 AM,0.0,4.4,73.0,2.2,6.3,0.0,3.4,6.0
46,12/30/18 11:30 AM,0.0,4.4,73.0,2.2,6.3,0.0,3.5,6.0
47,12/30/18 11:45 AM,0.0,4.4,73.0,2.2,6.3,0.0,3.6,6.0
48,12/30/18 12:00 PM,0.0,4.4,73.0,2.2,6.3,0.0,3.6,6.0
49,12/30/18 12:15 PM,0.0,5.0,73.0,1.3,6.2,0.0,3.7,6.1
50,12/30/18 12:30 PM,0.0,5.0,73.0,1.3,6.2,0.0,3.8,6.1
51,12/30/18 12:45 PM,0.0,5.0,73.0,1.3,6.2,0.0,4.0,6.1
52,12/30/18 1:00 PM,0.0,5.0,73.0,1.3,6.2,0.0,4.1,6.1
53,12/30/18 1:15 PM,0.0,5.0,73.0,2.2,6.2,0.0,4.2,6.1
54,12/30/18 1:30 PM,0.0,5.0,73.0,2.2,6.2,0.0,4.2,6.0
55,12/30/18 1:45 PM,0.0,5.0,73.0,2.2,6.3,0.0,4.3,6.0
56,12/30/18 2:00 PM,6.0,5.0,73.0,2.2,6.3,0.0,4.3,6.0
57,12/30/18 2:15 PM,6.0,3.9,89.0,2.2,6.3,0.0,4.4,6.0
58,12/30/18 2:30 PM,2.0,3.9,89.0,2.2,6.3,0.0,4.5,6.0
59,12/30/18 2:45 PM,2.0,3.9,89.0,2.2,6.3,0.0,4.5,6.0
60,12/30/18 3:00 PM,3.0,3.9,89.0,2.2,6.3,0.0,4.6,6.0
61,12/30/18 3:15 PM,3.0,3.9,93.0,2.7,6.3,0.0,4.7,6.0
62,12/30/18 3:30 PM,33.0,3.9,93.0,2.7,6.2,0.0,4.7,6.0
63,12/30/18 3:45 PM,33.0,3.9,93.0,2.7,6.2,0.0,4.8,6.0
64,12/30/18 4:00 PM,2.0,3.9,93.0,2.7,6.2,0.0,4.8,6.0
65,12/30/18 4:15 PM,2.0,3.9,96.0,1.3,6.2,0.0,4.8,6.0
66,12/30/18 4:30 PM,39.0,3.9,96.0,1.3,6.2,0.0,4.8,6.0
67,12/30/18 4:45 PM,39.0,3.9,96.0,1.3,6.2,0.0,4.7,6.0
68,12/30/18 5:00 PM,56.0,3.9,96.0,1.3,6.2,0.0,4.7,6.0
69,12/30/18 5:15 PM,56.0,3.9,96.0,0.0,6.2,0.0,4.7,6.0
70,12/30/18 5:30 PM,0.0,3.9,96.0,0.0,6.2,0.0,4.6,6.0
71,12/30/18 5:45 PM,0.0,3.9,96.0,0.0,6.2,0.0,4.6,6.0
72,12/30/18 6:00 PM,0.0,3.9,96.0,0.0,6.5,0.0,4.6,6.6
73,12/30/18 6:15 PM,0.0,3.9,10.0,0.0,6.5,0.0,4.5,6.6
74,12/30/18 6:30 PM,0.0,3.9,10.0,0.0,6.5,0.0,4.5,6.6
75,12/30/18 6:45 PM,0.0,3.9,10.0,0.0,6.5,0.0,4.5,6.6
76,12/30/18 7:00 PM,0.0,3.9,10.0,0.0,6.5,0.0,4.6,6.6
77,12/30/18 7:15 PM,0.0,3.9,10.0,2.2,6.5,0.0,4.6,6.6
78,12/30/18 7:30 PM,0.0,3.9,10.0,2.2,6.5,0.0,4.6,6.6
79,12/30/18 7:45 PM,0.0,3.9,10.0,2.2,6.6,0.0,4.6,6.6
80,12/30/18 8:00 PM,0.0,3.9,10.0,2.2,6.6,0.0,4.6,6.6
81,12/30/18 8:15 PM,0.0,4.4,93.0,4.0,6.6,0.0,4.6,6.7
82,12/30/18 8:30 PM,0.0,4.4,93.0,4.0,6.6,0.0,4.6,6.6
83,12/30/18 8:45 PM,0.0,4.4,93.0,4.0,6.6,0.0,4.5,6.6
84,12/30/18 9:00 PM,0.0,4.4,93.0,4.0,6.6,0.0,4.5,6.6
85,12/30/18 9:15 PM,0.0,3.9,10.0,2.7,6.6,0.0,4.5,6.6
86,12/30/18 9:30 PM,0.0,3.9,10.0,2.7,6.6,0.0,4.5,6.5
87,12/30/18 9:45 PM,0.0,3.9,10.0,2.7,6.6,0.0,4.5,6.5
88,12/30/18 10:00 PM,0.0,3.9,10.0,2.7,6.5,0.0,4.5,6.5
89,12/30/18 10:15 PM,0.0,4.4,97.0,2.2,6.5,0.0,4.4,6.5
90,12/30/18 10:30 PM,0.0,4.4,97.0,2.2,6.5,0.0,4.4,6.4
91,12/30/18 10:45 PM,0.0,4.4,97.0,2.2,6.5,0.0,4.4,6.4
92,12/30/18 11:00 PM,0.0,4.4,97.0,2.2,6.5,0.0,4.4,6.4
93,12/30/18 11:15 PM,0.0,4.4,93.0,5.8,6.5,0.0,4.4,6.4
94,12/30/18 11:30 PM,0.0,4.4,93.0,5.8,6.4,0.0,4.4,6.3
95,12/30/18 11:45 PM,0.0,4.4,93.0,5.8,6.4,0.0,4.4,6.3
96,12/31/18 12:00 AM,0.0,4.4,93.0,5.8,6.4,0.0,4.4,6.3
97,12/31/18 12:15 AM,0.0,4.4,97.0,4.0,6.4,0.0,4.4,6.3
98,12/31/18 12:30 AM,0.0,4.4,97.0,4.0,6.4,0.0,4.4,6.3
99,12/31/18 12:45 AM,0.0,4.4,97.0,4.0,6.4,0.0,4.4,6.2
100,12/31/18 1:00 AM,0.0,4.4,97.0,4.0,6.3,0.0,4.4,6.2
101,12/31/18 1:15 AM,0.0,5.0,93.0,2.7,6.3,0.0,4.4,6.2
102,12/31/18 1:30 AM,0.0,5.0,93.0,2.7,6.3,0.0,4.4,6.2
103,12/31/18 1:45 AM,0.0,5.0,93.0,2.7,6.3,0.0,4.4,6.2
104,12/31/18 2:00 AM,0.0,5.0,93.0,2.7,6.3,0.0,4.3,6.2
105,12/31/18 2:15 AM,0.0,4.4,93.0,3.1,6.3,0.0,4.3,6.1
106,12/31/18 2:30 AM,0.0,4.4,93.0,3.1,6.3,0.0,4.3,6.1
107,12/31/18 2:45 AM,0.0,4.4,93.0,3.1,6.2,0.0,4.3,6.1
108,12/31/18 3:00 AM,0.0,4.4,93.0,3.1,6.2,0.0,4.3,6.1
109,12/31/18 3:15 AM,0.0,5.0,96.0,4.0,6.2,0.0,4.3,6.1
110,12/31/18 3:30 AM,0.0,5.0,96.0,4.0,6.2,0.0,4.3,6.1
111,12/31/18 3:45 AM,0.0,5.0,96.0,4.0,6.2,0.0,4.3,6.1
112,12/31/18 4:00 AM,0.0,5.0,96.0,4.0,6.2,0.0,4.3,6.0
113,12/31/18 4:15 AM,0.0,6.7,89.0,5.4,6.2,0.0,4.3,6.0
114,12/31/18 4:30 AM,0.0,6.7,89.0,5.4,6.2,0.0,4.3,6.0
115,12/31/18 4:45 AM,0.0,6.7,89.0,5.4,6.1,0.0,4.3,6.0
116,12/31/18 5:00 AM,0.0,6.7,89.0,5.4,6.1,0.0,4.3,6.0
117,12/31/18 5:15 AM,0.0,10.0,71.0,7.6,6.1,0.0,4.3,6.0
118,12/31/18 5:30 AM,0.0,10.0,71.0,7.6,6.1,0.0,4.2,6.0
119,12/31/18 5:45 AM,0.0,10.0,71.0,7.6,6.1,0.0,4.1,6.0
120,12/31/18 6:00 AM,0.0,10.0,71.0,7.6,6.1,0.0,4.1,6.0
121,12/31/18 6:15 AM,0.0,12.2,57.0,6.7,6.1,0.0,4.1,5.9
122,12/31/18 6:30 AM,0.0,12.2,57.0,6.7,6.0,0.0,4.1,5.9
123,12/31/18 6:45 AM,0.0,12.2,57.0,6.7,6.0,0.0,4.1,5.9
124,12/31/18 7:00 AM,0.0,12.2,57.0,6.7,6.0,0.0,4.0,5.8
125,12/31/18 7:15 AM,0.0,13.9,47.0,5.8,6.0,0.0,3.8,5.8
126,12/31/18 7:30 AM,30.0,13.9,47.0,5.8,6.0,0.0,3.7,5.9
127,12/31/18 7:45 AM,30.0,13.9,47.0,5.8,6.0,0.0,3.6,5.9
128,12/31/18 8:00 AM,172.0,13.9,47.0,5.8,5.9,0.0,3.5,5.8
129,12/31/18 8:15 AM,172.0,15.0,42.0,5.8,5.9,0.0,3.4,5.7
130,12/31/18 8:30 AM,336.0,15.0,42.0,5.8,5.8,0.0,3.4,5.6
131,12/31/18 8:45 AM,336.0,15.0,42.0,5.8,5.7,0.0,3.4,5.6
132,12/31/18 9:00 AM,451.0,15.0,42.0,5.8,5.7,0.0,3.5,5.5
133,12/31/18 9:15 AM,451.0,15.6,41.0,5.8,5.6,0.0,3.7,5.5
134,12/31/18 9:30 AM,515.0,15.6,41.0,5.8,5.6,0.0,3.9,5.5
135,12/31/18 9:45 AM,515.0,15.6,41.0,5.8,5.5,0.0,4.2,5.5
136,12/31/18 10:00 AM,424.0,15.6,41.0,5.8,5.5,0.0,4.6,5.5
137,12/31/18 10:15 AM,424.0,16.1,39.0,4.5,5.6,0.0,5.1,5.6
138,12/31/18 10:30 AM,597.0,16.1,39.0,4.5,5.6,0.0,5.7,5.7
139,12/31/18 10:45 AM,597.0,16.1,39.0,4.5,5.7,0.0,6.1,5.8
140,12/31/18 11:00 AM,593.0,16.1,39.0,4.5,5.8,0.0,6.5,5.9
141,12/31/18 11:15 AM,593.0,15.6,41.0,3.6,5.9,0.0,6.8,6.1
142,12/31/18 11:30 AM,552.0,15.6,41.0,3.6,6.1,0.0,7.3,6.3
143,12/31/18 11:45 AM,552.0,15.6,41.0,3.6,6.3,0.0,7.7,6.5
144,12/31/18 12:00 PM,706.0,15.6,41.0,3.6,6.5,0.0,8.0,6.7
145,12/31/18 12:15 PM,706.0,13.9,47.0,3.1,6.7,0.0,8.4,6.9
146,12/31/18 12:30 PM,611.0,13.9,47.0,3.1,7.0,0.0,8.7,7.2
147,12/31/18 12:45 PM,611.0,13.9,47.0,3.1,7.3,0.0,9.1,7.5
148,12/31/18 1:00 PM,631.0,13.9,47.0,3.1,7.5,0.0,9.4,7.8
149,12/31/18 1:15 PM,631.0,13.3,47.0,4.5,7.7,0.0,9.7,8.2
150,12/31/18 1:30 PM,639.0,13.3,47.0,4.5,8.0,0.0,10.0,8.6
151,12/31/18 1:45 PM,639.0,13.3,47.0,4.5,8.2,0.0,10.3,9.1
152,12/31/18 2:00 PM,625.0,13.3,47.0,4.5,8.4,0.0,10.5,9.6
153,12/31/18 2:15 PM,625.0,11.1,54.0,4.5,8.7,0.0,10.7,10.2
154,12/31/18 2:30 PM,650.0,11.1,54.0,4.5,9.0,0.0,10.9,10.8
155,12/31/18 2:45 PM,650.0,11.1,54.0,4.5,9.4,0.0,11.0,11.4
156,12/31/18 3:00 PM,532.0,11.1,54.0,4.5,9.7,0.0,11.2,12.1
157,12/31/18 3:15 PM,532.0,10.0,57.0,5.8,10.1,0.0,11.3,12.6
158,12/31/18 3:30 PM,667.0,10.0,57.0,5.8,10.5,0.0,11.3,13.1
159,12/31/18 3:45 PM,667.0,10.0,57.0,5.8,10.8,0.0,11.4,13.5
160,12/31/18 4:00 PM,756.0,10.0,57.0,5.8,11.1,0.0,11.5,13.9
161,12/31/18 4:15 PM,756.0,8.3,63.0,5.8,11.5,0.0,11.6,14.5
162,12/31/18 4:30 PM,647.0,8.3,63.0,5.8,12.4,0.0,11.7,13.9
163,12/31/18 4:45 PM,647.0,8.3,63.0,5.8,43.8,1.0,11.8,39.9
164,12/31/18 5:00 PM,460.0,8.3,63.0,5.8,53.7,1.0,11.8,50.3
165,12/31/18 5:15 PM,460.0,6.1,76.0,3.6,49.4,1.0,11.8,47.0
166,12/31/18 5:30 PM,110.0,6.1,76.0,3.6,36.1,1.0,11.7,34.8
167,12/31/18 5:45 PM,110.0,6.1,76.0,3.6,28.7,1.0,11.6,27.9
168,12/31/18 6:00 PM,0.0,14.9,76.0,3.6,24.5,1.0,11.5,23.9
169,12/31/18 6:15 PM,0.0,14.2,76.0,6.7,21.8,1.0,11.4,21.4
170,12/31/18 6:30 PM,0.0,13.2,76.0,6.7,20.2,1.0,11.3,19.8
171,12/31/18 6:45 PM,0.0,11.8,76.0,6.7,19.2,1.0,11.2,18.8
172,12/31/18 7:00 PM,0.0,10.5,76.0,6.7,18.6,1.0,11.0,18.2
173,12/31/18 7:15 PM,0.0,10.1,82.0,6.3,18.1,1.0,10.9,17.8
174,12/31/18 7:30 PM,0.0,9.7,82.0,6.3,17.8,0.0,10.8,17.5
175,12/31/18 7:45 PM,0.0,9.1,82.0,6.3,17.5,0.0,10.6,17.2
176,12/31/18 8:00 PM,0.0,9.3,82.0,6.3,17.2,0.0,10.5,16.9
177,12/31/18 8:15 PM,0.0,9.4,79.0,7.6,17.0,0.0,10.4,16.7
178,12/31/18 8:30 PM,0.0,10.6,79.0,7.6,16.9,0.0,10.2,16.5
179,12/31/18 8:45 PM,0.0,10.2,79.0,7.6,16.7,0.0,10.1,16.4
180,12/31/18 9:00 PM,0.0,10.0,79.0,7.6,16.6,0.0,10.0,16.2
181,12/31/18 9:15 PM,0.0,10.0,79.0,7.6,16.4,0.0,9.8,16.1
182,12/31/18 9:30 PM,0.0,9.6,79.0,7.6,16.3,0.0,9.7,15.9
183,12/31/18 9:45 PM,0.0,9.0,79.0,7.6,16.1,0.0,9.6,15.8
184,12/31/18 10:00 PM,0.0,9.4,79.0,7.6,16.0,0.0,9.4,15.6
185,12/31/18 10:15 PM,0.0,9.1,79.0,7.6,15.8,0.0,9.3,15.5
186,12/31/18 10:30 PM,0.0,8.7,79.0,7.6,15.7,0.0,9.1,15.3
187,12/31/18 10:45 PM,0.0,8.2,79.0,7.6,15.5,0.0,9.0,15.2
188,12/31/18 11:00 PM,0.0,7.8,79.0,7.6,15.4,0.0,8.9,15.1
189,12/31/18 11:15 PM,0.0,7.9,82.0,5.8,15.3,0.0,8.7,14.9
190,12/31/18 11:30 PM,0.0,7.5,82.0,5.8,15.1,0.0,8.6,14.8
191,12/31/18 11:45 PM,0.0,7.1,82.0,5.8,15.0,0.0,8.5,14.6
192,1/1/19 12:00 AM,0.0,6.8,82.0,5.8,14.8,0.0,8.3,14.5
193,1/1/19 12:15 AM,0.0,6.7,79.0,6.7,14.7,0.0,8.2,14.3
194,1/1/19 12:30 AM,0.0,6.4,79.0,6.7,14.5,0.0,8.1,14.2
195,1/1/19 12:45 AM,0.0,6.3,79.0,6.7,14.4,0.0,7.9,14.0
196,1/1/19 1:00 AM,0.0,6.3,79.0,6.7,14.2,0.0,7.8,13.9
197,1/1/19 1:15 AM,0.0,6.2,79.0,7.2,14.1,0.0,7.6,13.7
198,1/1/19 1:30 AM,0.0,5.9,79.0,7.2,13.9,0.0,7.5,13.6
199,1/1/19 1:45 AM,0.0,5.6,79.0,7.2,13.8,0.0,7.3,13.4
200,1/1/19 2:00 AM,0.0,5.4,79.0,7.2,13.7,0.0,7.2,13.3
201,1/1/19 2:15 AM,0.0,5.2,76.0,7.6,13.5,0.0,7.2,13.1
202,1/1/19 2:30 AM,0.0,5.0,76.0,7.6,13.4,0.0,7.3,13.0
203,1/1/19 2:45 AM,0.0,4.8,76.0,7.6,13.2,0.0,7.3,12.8
204,1/1/19 3:00 AM,0.0,4.9,76.0,7.6,13.1,0.0,7.3,12.7
205,1/1/19 3:15 AM,0.0,5.1,76.0,7.6,13.0,0.0,7.3,12.6
206,1/1/19 3:30 AM,0.0,5.2,76.0,7.6,12.9,0.0,7.3,12.5
207,1/1/19 3:45 AM,0.0,5.2,76.0,7.6,12.8,0.0,7.2,12.4
208,1/1/19 4:00 AM,0.0,5.2,76.0,7.6,12.7,0.0,7.2,12.3
209,1/1/19 4:15 AM,0.0,5.0,76.0,6.7,12.6,0.0,7.2,12.2
210,1/1/19 4:30 AM,0.0,4.7,76.0,6.7,12.5,0.0,7.1,12.1
211,1/1/19 4:45 AM,0.0,4.6,76.0,6.7,12.4,0.0,7.0,12.0
212,1/1/19 5:00 AM,0.0,4.5,76.0,6.7,12.3,0.0,7.0,11.9
213,1/1/19 5:15 AM,0.0,4.3,73.0,7.2,12.2,0.0,6.9,11.8
214,1/1/19 5:30 AM,0.0,4.1,73.0,7.2,12.1,0.0,6.9,11.7
215,1/1/19 5:45 AM,0.0,4.0,73.0,7.2,12.0,0.0,6.8,11.6
216,1/1/19 6:00 AM,0.0,4.0,73.0,7.2,11.9,0.0,6.8,11.5
217,1/1/19 6:15 AM,0.0,3.9,76.0,6.7,11.9,0.0,6.7,11.5
218,1/1/19 6:30 AM,0.0,3.9,76.0,6.7,11.8,0.0,6.8,11.4
219,1/1/19 6:45 AM,0.0,3.8,76.0,6.7,13.8,0.0,6.9,12.8
220,1/1/19 7:00 AM,0.0,3.7,76.0,6.7,47.2,1.0,7.0,43.0
221,1/1/19 7:15 AM,0.0,3.6,70.0,6.3,53.3,1.0,7.1,49.3
222,1/1/19 7:30 AM,46.0,3.6,70.0,6.3,46.1,1.0,7.2,43.6
223,1/1/19 7:45 AM,46.0,3.6,70.0,6.3,32.8,1.0,7.2,31.2
224,1/1/19 8:00 AM,335.0,3.6,70.0,6.3,25.4,1.0,7.3,24.3
225,1/1/19 8:15 AM,335.0,3.5,73.0,6.7,21.1,1.0,7.3,20.2
226,1/1/19 8:30 AM,545.0,3.5,73.0,6.7,18.4,1.0,7.3,17.7
227,1/1/19 8:45 AM,545.0,3.4,73.0,6.7,16.9,0.0,7.4,16.2
228,1/1/19 9:00 AM,251.0,3.4,73.0,6.7,15.8,0.0,7.4,15.2
229,1/1/19 9:15 AM,251.0,3.5,73.0,7.2,15.0,0.0,7.5,14.5
230,1/1/19 9:30 AM,9.0,3.5,73.0,7.2,14.5,0.0,7.5,13.9
231,1/1/19 9:45 AM,9.0,3.6,73.0,7.2,14.0,0.0,7.5,13.5
232,1/1/19 10:00 AM,0.0,3.6,73.0,7.2,13.6,0.0,7.6,13.1
233,1/1/19 10:15 AM,0.0,3.7,73.0,6.7,13.3,0.0,7.6,12.8
234,1/1/19 10:30 AM,6.0,3.6,73.0,6.7,13.1,0.0,7.7,12.6
235,1/1/19 10:45 AM,6.0,3.9,73.0,6.7,12.9,0.0,7.7,12.4
236,1/1/19 11:00 AM,1.0,4.1,73.0,6.7,12.8,0.0,7.8,12.3
237,1/1/19 11:15 AM,1.0,3.9,73.0,5.8,12.6,0.0,7.9,12.2
238,1/1/19 11:30 AM,4.0,4.0,73.0,5.8,12.5,0.0,7.9,12.1
239,1/1/19 11:45 AM,4.0,4.1,73.0,5.8,12.5,0.0,8.0,12.1
240,1/1/19 12:00 PM,10.0,4.4,73.0,5.8,12.4,0.0,8.0,12.0
241,1/1/19 12:15 PM,10.0,4.3,73.0,5.8,12.3,0.0,8.2,12.0
242,1/1/19 12:30 PM,6.0,4.3,73.0,5.8,16.8,0.0,8.4,15.2
243,1/1/19 12:45 PM,6.0,4.0,73.0,5.8,49.7,1.0,8.7,45.4
244,1/1/19 1:00 PM,21.0,4.0,73.0,5.8,53.5,1.0,9.1,49.5
245,1/1/19 1:15 PM,21.0,4.1,73.0,4.5,43.5,1.0,9.3,41.1
246,1/1/19 1:30 PM,41.0,4.0,73.0,4.5,31.6,1.0,9.5,30.1
247,1/1/19 1:45 PM,41.0,4.5,73.0,4.5,25.0,1.0,9.7,23.9
248,1/1/19 2:00 PM,39.0,5.5,73.0,4.5,21.1,1.0,9.7,20.3
249,1/1/19 2:15 PM,39.0,4.9,73.0,5.4,18.8,1.0,9.8,18.1
250,1/1/19 2:30 PM,28.0,5.0,73.0,5.4,17.4,0.0,9.8,16.8
251,1/1/19 2:45 PM,28.0,4.5,73.0,5.4,16.6,0.0,9.9,16.0
252,1/1/19 3:00 PM,20.0,4.5,73.0,5.4,15.9,0.0,9.9,15.4
253,1/1/19 3:15 PM,20.0,4.5,73.0,5.8,15.4,0.0,9.9,14.9
254,1/1/19 3:30 PM,15.0,4.5,73.0,5.8,15.0,0.0,9.8,14.6
255,1/1/19 3:45 PM,15.0,4.8,73.0,5.8,14.7,0.0,9.8,14.3
256,1/1/19 4:00 PM,12.0,4.7,73.0,5.8,14.5,0.0,9.7,14.1
257,1/1/19 4:15 PM,12.0,4.3,72.0,5.4,14.3,0.0,9.6,13.9
258,1/1/19 4:30 PM,3.0,4.1,72.0,5.4,14.2,0.0,9.4,13.8
259,1/1/19 4:45 PM,3.0,4.1,72.0,5.4,14.1,0.0,9.3,13.7
260,1/1/19 5:00 PM,0.0,3.8,72.0,5.4,14.0,0.0,9.3,13.5
261,1/1/19 5:15 PM,0.0,3.7,72.0,4.5,25.1,1.0,9.2,22.1
262,1/1/19 5:30 PM,10.0,3.6,72.0,4.5,53.0,1.0,9.2,48.1
263,1/1/19 5:45 PM,10.0,3.3,72.0,4.5,52.0,1.0,9.2,48.1
264,1/1/19 6:00 PM,0.0,3.2,72.0,4.5,39.2,1.0,9.2,37.2
265,1/1/19 6:15 PM,0.0,3.0,72.0,4.0,29.4,1.0,9.2,28.1
266,1/1/19 6:30 PM,0.0,2.8,72.0,4.0,23.8,1.0,9.1,22.8
267,1/1/19 6:45 PM,0.0,2.6,72.0,4.0,20.4,1.0,9.1,19.6
268,1/1/19 7:00 PM,0.0,2.7,72.0,4.0,18.3,1.0,9.0,17.6
269,1/1/19 7:15 PM,0.0,2.6,72.0,5.4,17.0,0.0,8.9,16.4
270,1/1/19 7:30 PM,0.0,2.5,72.0,5.4,16.1,0.0,8.9,15.5
271,1/1/19 7:45 PM,0.0,2.5,72.0,5.4,15.6,0.0,8.9,15.1
272,1/1/19 8:00 PM,0.0,2.4,72.0,5.4,31.6,1.0,8.9,28.7
273,1/1/19 8:15 PM,0.0,2.3,73.0,5.8,53.6,1.0,9.0,50.0
274,1/1/19 8:30 PM,0.0,2.2,73.0,5.8,51.1,1.0,9.0,48.0
275,1/1/19 8:45 PM,0.0,2.2,73.0,5.8,38.0,1.0,9.0,36.1
276,1/1/19 9:00 PM,0.0,2.1,73.0,5.8,29.5,1.0,9.1,28.2
277,1/1/19 9:15 PM,0.0,2.1,73.0,5.4,24.6,1.0,9.1,23.6
278,1/1/19 9:30 PM,0.0,2.1,73.0,5.4,21.6,1.0,9.0,20.7
279,1/1/19 9:45 PM,0.0,2.0,73.0,5.4,19.7,1.0,9.0,18.9
280,1/1/19 10:00 PM,0.0,2.1,73.0,5.4,18.5,1.0,8.9,17.7
281,1/1/19 10:15 PM,0.0,2.1,75.0,4.5,17.7,0.0,8.9,17.0
282,1/1/19 10:30 PM,0.0,2.1,75.0,4.5,17.1,0.0,8.8,16.4
283,1/1/19 10:45 PM,0.0,2.1,75.0,4.5,16.6,0.0,8.7,15.9
284,1/1/19 11:00 PM,0.0,2.1,75.0,4.5,16.2,0.0,8.6,15.5
285,1/1/19 11:15 PM,0.0,2.1,78.0,4.5,15.9,0.0,8.6,15.3
286,1/1/19 11:30 PM,0.0,2.0,78.0,4.5,15.7,0.0,8.5,15.0
287,1/1/19 11:45 PM,0.0,1.9,78.0,4.5,15.4,0.0,8.4,14.8
288,1/2/19 12:00 AM,0.0,2.0,78.0,4.5,15.2,0.0,8.3,14.5
289,1/2/19 12:15 AM,0.0,1.9,85.0,4.0,15.0,0.0,8.2,14.4
290,1/2/19 12:30 AM,0.0,2.0,85.0,4.0,14.8,0.0,8.1,14.2
291,1/2/19 12:45 AM,0.0,2.0,85.0,4.0,14.6,0.0,8.0,14.0
292,1/2/19 1:00 AM,0.0,1.9,85.0,4.0,14.5,0.0,7.9,13.9
293,1/2/19 1:15 AM,0.0,1.7,88.0,5.8,14.3,0.0,7.8,13.7
294,1/2/19 1:30 AM,0.0,1.7,88.0,5.8,14.2,0.0,7.7,13.6
295,1/2/19 1:45 AM,0.0,1.7,88.0,5.8,14.1,0.0,7.6,13.5
296,1/2/19 2:00 AM,0.0,1.6,88.0,5.8,13.9,0.0,7.5,13.3
297,1/2/19 2:15 AM,0.0,1.5,92.0,4.5,13.8,0.0,7.5,13.2
298,1/2/19 2:30 AM,0.0,1.5,92.0,4.5,13.7,0.0,7.4,13.1
299,1/2/19 2:45 AM,0.0,1.5,92.0,4.5,13.6,0.0,7.3,13.0
300,1/2/19 3:00 AM,0.0,1.4,92.0,4.5,13.5,0.0,7.2,12.9
301,1/2/19 3:15 AM,0.0,1.4,92.0,6.3,13.4,0.0,7.1,12.8
302,1/2/19 3:30 AM,0.0,1.3,92.0,6.3,13.3,0.0,7.0,12.7
303,1/2/19 3:45 AM,0.0,1.2,92.0,6.3,13.2,0.0,6.9,12.6
304,1/2/19 4:00 AM,0.0,1.3,92.0,6.3,13.1,0.0,6.9,12.5
305,1/2/19 4:15 AM,0.0,1.3,92.0,4.0,13.0,0.0,6.8,12.5
306,1/2/19 4:30 AM,0.0,1.2,92.0,4.0,12.9,0.0,6.7,12.4
307,1/2/19 4:45 AM,0.0,1.1,92.0,4.0,12.8,0.0,6.6,12.2
308,1/2/19 5:00 AM,0.0,1.1,92.0,4.0,12.7,0.0,6.4,12.2
309,1/2/19 5:15 AM,0.0,1.1,92.0,5.4,12.7,0.0,6.3,12.1
310,1/2/19 5:30 AM,0.0,1.0,92.0,5.4,12.6,0.0,6.1,12.0
311,1/2/19 5:45 AM,0.0,0.8,92.0,5.4,12.5,0.0,5.9,11.9
312,1/2/19 6:00 AM,0.0,0.5,92.0,5.4,12.4,0.0,5.8,11.8
313,1/2/19 6:15 AM,0.0,0.0,92.0,4.0,12.2,0.0,5.7,11.7
314,1/2/19 6:30 AM,0.0,-0.1,92.0,4.0,12.1,0.0,5.7,11.6
315,1/2/19 6:45 AM,0.0,0.1,92.0,4.0,12.0,0.0,5.6,11.5
316,1/2/19 7:00 AM,0.0,0.3,92.0,4.0,11.9,0.0,5.5,11.4
317,1/2/19 7:15 AM,0.0,0.3,96.0,5.4,11.9,0.0,5.4,11.3
318,1/2/19 7:30 AM,4.0,0.3,96.0,5.4,11.8,0.0,5.2,11.3
319,1/2/19 7:45 AM,4.0,0.2,96.0,5.4,11.7,0.0,5.1,11.2
320,1/2/19 8:00 AM,0.0,0.2,96.0,5.4,11.6,0.0,5.0,11.1
321,1/2/19 8:15 AM,0.0,0.0,92.0,4.5,11.5,0.0,4.9,11.0
322,1/2/19 8:30 AM,0.0,0.0,92.0,4.5,11.4,0.0,4.8,10.9
323,1/2/19 8:45 AM,0.0,0.0,92.0,4.5,11.3,0.0,4.6,10.7
324,1/2/19 9:00 AM,0.0,0.1,92.0,4.5,11.2,0.0,4.6,10.7
325,1/2/19 9:15 AM,0.0,0.0,92.0,4.5,11.1,0.0,4.5,10.5
326,1/2/19 9:30 AM,0.0,0.0,92.0,4.5,11.0,0.0,4.4,10.4
327,1/2/19 9:45 AM,0.0,0.0,92.0,4.5,10.9,0.0,4.4,10.4
328,1/2/19 10:00 AM,0.0,0.0,92.0,4.5,10.8,0.0,4.4,10.3
329,1/2/19 10:15 AM,0.0,0.1,92.0,3.6,10.7,0.0,4.5,10.2
330,1/2/19 10:30 AM,0.0,0.2,92.0,3.6,17.8,0.0,4.7,15.4
331,1/2/19 10:45 AM,0.0,0.4,92.0,3.6,50.3,1.0,4.9,45.1
332,1/2/19 11:00 AM,0.0,0.4,92.0,3.6,46.3,1.0,5.0,42.9
333,1/2/19 11:15 AM,0.0,0.5,92.0,5.8,45.6,1.0,5.2,41.7
334,1/2/19 11:30 AM,0.0,0.5,92.0,5.8,46.0,1.0,5.4,43.5
335,1/2/19 11:45 AM,0.0,0.6,92.0,5.8,20.8,1.0,5.6,19.4
336,1/2/19 12:00 PM,0.0,0.6,92.0,5.8,47.8,1.0,5.8,43.4
337,1/2/19 12:15 PM,0.0,0.7,96.0,7.2,53.4,1.0,6.0,49.3
338,1/2/19 12:30 PM,0.0,0.7,96.0,7.2,44.7,1.0,6.2,42.1
339,1/2/19 12:45 PM,0.0,0.7,96.0,7.2,38.4,1.0,6.4,35.8
340,1/2/19 1:00 PM,0.0,0.8,96.0,7.2,40.2,1.0,6.6,37.2
341,1/2/19 1:15 PM,0.0,0.8,96.0,4.0,39.9,1.0,6.8,37.0
342,1/2/19 1:30 PM,0.0,1.1,96.0,4.0,40.4,1.0,6.9,37.5
343,1/2/19 1:45 PM,0.0,1.1,96.0,4.0,40.6,1.0,7.1,37.8
344,1/2/19 2:00 PM,0.0,0.9,96.0,4.0,41.5,1.0,7.2,38.6
345,1/2/19 2:15 PM,0.0,1.0,96.0,4.5,42.2,1.0,7.4,39.1
346,1/2/19 2:30 PM,0.0,1.0,96.0,4.5,41.8,1.0,7.5,38.8
347,1/2/19 2:45 PM,0.0,1.0,96.0,4.5,42.7,1.0,7.7,39.7
348,1/2/19 3:00 PM,0.0,1.0,96.0,4.5,42.6,1.0,7.7,39.7
349,1/2/19 3:15 PM,0.0,1.1,92.0,4.5,41.7,1.0,7.8,39.0
350,1/2/19 3:30 PM,0.0,1.2,92.0,4.5,42.8,1.0,7.9,39.6
351,1/2/19 3:45 PM,0.0,1.2,92.0,4.5,44.0,1.0,8.1,41.1
352,1/2/19 4:00 PM,0.0,1.3,92.0,4.5,43.3,1.0,8.3,40.2
353,1/2/19 4:15 PM,0.0,1.3,96.0,4.5,42.8,1.0,8.4,40.0
354,1/2/19 4:30 PM,0.0,1.4,96.0,4.5,42.8,1.0,8.5,39.8
355,1/2/19 4:45 PM,0.0,1.6,96.0,4.5,43.0,1.0,8.6,40.3
356,1/2/19 5:00 PM,0.0,1.5,96.0,4.5,43.2,1.0,8.7,40.2
357,1/2/19 5:15 PM,0.0,1.6,96.0,4.0,43.1,1.0,8.7,40.3
358,1/2/19 5:30 PM,4.0,1.6,96.0,4.0,43.6,1.0,8.7,40.5
359,1/2/19 5:45 PM,4.0,1.6,96.0,4.0,43.3,1.0,8.8,40.5
360,1/2/19 6:00 PM,0.0,1.3,96.0,4.0,44.0,1.0,8.8,40.9
361,1/2/19 6:15 PM,0.0,1.2,96.0,3.6,42.8,1.0,8.9,40.1
362,1/2/19 6:30 PM,0.0,1.2,96.0,3.6,44.1,1.0,8.9,40.9
363,1/2/19 6:45 PM,0.0,1.1,96.0,3.6,43.0,1.0,9.0,40.3
364,1/2/19 7:00 PM,0.0,1.1,96.0,3.6,43.4,1.0,9.1,40.4
365,1/2/19 7:15 PM,0.0,1.1,96.0,4.0,42.9,1.0,9.2,40.1
366,1/2/19 7:30 PM,0.0,1.1,96.0,4.0,43.8,1.0,9.3,40.8
367,1/2/19 7:45 PM,0.0,1.3,96.0,4.0,43.0,1.0,9.3,40.1
368,1/2/19 8:00 PM,0.0,1.3,96.0,4.0,44.6,1.0,9.4,41.4
369,1/2/19 8:15 PM,0.0,1.3,96.0,5.4,43.6,1.0,9.5,40.7
370,1/2/19 8:30 PM,0.0,1.3,96.0,5.4,43.9,1.0,9.5,40.9
371,1/2/19 8:45 PM,0.0,1.4,96.0,5.4,42.9,1.0,9.6,40.2
372,1/2/19 9:00 PM,0.0,1.4,96.0,5.4,43.8,1.0,9.7,40.9
373,1/2/19 9:15 PM,0.0,1.5,96.0,5.4,42.5,1.0,9.7,39.7
374,1/2/19 9:30 PM,0.0,1.5,96.0,5.4,44.0,1.0,9.8,41.0
375,1/2/19 9:45 PM,0.0,1.6,96.0,5.4,43.5,1.0,9.8,40.6
376,1/2/19 10:00 PM,0.0,1.6,96.0,5.4,43.3,1.0,9.9,40.5
377,1/2/19 10:15 PM,0.0,1.7,96.0,4.5,43.1,1.0,10.0,40.2
378,1/2/19 10:30 PM,0.0,1.6,96.0,4.5,43.3,1.0,10.1,40.5
379,1/2/19 10:45 PM,0.0,1.5,96.0,4.5,42.5,1.0,10.1,39.7
380,1/2/19 11:00 PM,0.0,1.5,96.0,4.5,43.9,1.0,10.2,41.1
381,1/2/19 11:15 PM,0.0,1.6,92.0,5.8,43.0,1.0,10.2,40.1
382,1/2/19 11:30 PM,0.0,1.7,92.0,5.8,43.0,1.0,10.3,40.4
383,1/2/19 11:45 PM,0.0,1.7,92.0,5.8,42.7,1.0,10.4,39.8
384,1/3/19 12:00 AM,0.0,1.7,92.0,5.8,43.5,1.0,10.4,40.7
385,1/3/19 12:15 AM,0.0,1.8,96.0,3.6,43.3,1.0,10.5,40.3
386,1/3/19 12:30 AM,0.0,1.9,96.0,3.6,43.5,1.0,10.5,40.7
387,1/3/19 12:45 AM,0.0,1.9,96.0,3.6,43.3,1.0,10.6,40.4
388,1/3/19 1:00 AM,0.0,1.8,96.0,3.6,44.0,1.0,10.6,41.2
389,1/3/19 1:15 AM,0.0,1.6,97.0,3.6,42.9,1.0,10.6,40.1
390,1/3/19 1:30 AM,0.0,1.6,97.0,3.6,43.6,1.0,10.7,40.9
391,1/3/19 1:45 AM,0.0,1.6,97.0,3.6,43.6,1.0,10.7,40.7
392,1/3/19 2:00 AM,0.0,1.6,97.0,3.6,42.6,1.0,10.7,40.0
393,1/3/19 2:15 AM,0.0,1.5,96.0,2.2,43.2,1.0,10.7,40.3
394,1/3/19 2:30 AM,0.0,1.6,96.0,2.2,43.1,1.0,10.7,40.4
395,1/3/19 2:45 AM,0.0,1.6,96.0,2.2,43.1,1.0,10.8,40.2
396,1/3/19 3:00 AM,0.0,1.5,96.0,2.2,43.4,1.0,10.8,40.8
397,1/3/19 3:15 AM,0.0,1.6,93.0,4.0,43.7,1.0,10.8,40.8
398,1/3/19 3:30 AM,0.0,1.6,93.0,4.0,42.6,1.0,10.9,40.0
399,1/3/19 3:45 AM,0.0,1.7,93.0,4.0,43.6,1.0,10.9,40.7
400,1/3/19 4:00 AM,0.0,1.7,93.0,4.0,43.7,1.0,10.9,41.0
401,1/3/19 4:15 AM,0.0,1.6,93.0,5.8,43.3,1.0,10.9,40.4
402,1/3/19 4:30 AM,0.0,1.6,93.0,5.8,43.2,1.0,10.9,40.6
403,1/3/19 4:45 AM,0.0,1.6,93.0,5.8,43.0,1.0,10.9,40.1
404,1/3/19 5:00 AM,0.0,1.6,93.0,5.8,43.5,1.0,10.9,40.7
405,1/3/19 5:15 AM,0.0,1.6,93.0,6.3,43.1,1.0,11.0,40.2
406,1/3/19 5:30 AM,0.0,1.5,93.0,6.3,42.9,1.0,11.0,40.3
407,1/3/19 5:45 AM,0.0,1.6,93.0,6.3,43.7,1.0,11.1,40.8
408,1/3/19 6:00 AM,0.0,1.8,93.0,6.3,42.3,1.0,11.1,39.7
409,1/3/19 6:15 AM,0.0,1.9,93.0,5.4,43.6,1.0,11.1,40.6
410,1/3/19 6:30 AM,0.0,2.0,93.0,5.4,42.5,1.0,11.2,39.9
411,1/3/19 6:45 AM,0.0,2.1,93.0,5.4,43.5,1.0,11.3,40.6
412,1/3/19 7:00 AM,0.0,2.1,93.0,5.4,43.1,1.0,11.3,40.4
413,1/3/19 7:15 AM,0.0,2.2,93.0,2.7,43.4,1.0,11.3,40.5
414,1/3/19 7:30 AM,5.0,2.3,93.0,2.7,42.4,1.0,11.4,39.8
415,1/3/19 7:45 AM,5.0,2.4,93.0,2.7,43.8,1.0,11.4,40.9
416,1/3/19 8:00 AM,20.0,2.4,93.0,2.7,43.1,1.0,11.4,40.3
417,1/3/19 8:15 AM,20.0,2.6,89.0,3.6,44.1,1.0,11.3,41.2
418,1/3/19 8:30 AM,51.0,2.6,89.0,3.6,42.7,1.0,11.4,40.1
419,1/3/19 8:45 AM,51.0,2.7,89.0,3.6,44.3,1.0,11.4,41.4
420,1/3/19 9:00 AM,30.0,2.7,89.0,3.6,43.3,1.0,11.5,40.5
421,1/3/19 9:15 AM,30.0,2.7,89.0,4.5,44.1,1.0,11.5,41.3
422,1/3/19 9:30 AM,9.0,2.8,89.0,4.5,43.3,1.0,11.5,40.5
423,1/3/19 9:45 AM,9.0,2.8,89.0,4.5,43.5,1.0,11.6,40.8
424,1/3/19 10:00 AM,39.0,2.6,89.0,4.5,43.3,1.0,11.8,40.5
425,1/3/19 10:15 AM,39.0,2.6,89.0,6.3,43.4,1.0,12.0,40.7
426,1/3/19 10:30 AM,24.0,2.5,89.0,6.3,43.4,1.0,12.1,40.5
427,1/3/19 10:45 AM,24.0,2.7,89.0,6.3,44.5,1.0,12.3,41.7
428,1/3/19 11:00 AM,0.0,3.2,89.0,6.3,43.2,1.0,12.4,40.3
429,1/3/19 11:15 AM,0.0,3.3,89.0,7.6,44.4,1.0,12.5,41.6
430,1/3/19 11:30 AM,0.0,3.2,89.0,7.6,42.7,1.0,12.6,39.9
431,1/3/19 11:45 AM,0.0,3.6,89.0,7.6,43.4,1.0,12.8,40.8
432,1/3/19 12:00 PM,0.0,3.4,89.0,7.6,42.9,1.0,13.0,40.1
433,1/3/19 12:15 PM,0.0,3.7,86.0,5.8,43.4,1.0,13.1,40.8
434,1/3/19 12:30 PM,4.0,3.6,86.0,5.8,43.0,1.0,13.3,40.2
435,1/3/19 12:45 PM,4.0,3.8,86.0,5.8,43.5,1.0,13.5,40.9
436,1/3/19 1:00 PM,0.0,3.8,86.0,5.8,42.9,1.0,13.5,40.2
437,1/3/19 1:15 PM,0.0,3.9,83.0,7.6,43.3,1.0,13.6,40.7
438,1/3/19 1:30 PM,0.0,4.1,83.0,7.6,42.6,1.0,13.6,39.8
439,1/3/19 1:45 PM,0.0,4.3,83.0,7.6,43.3,1.0,13.7,40.7
440,1/3/19 2:00 PM,0.0,4.2,83.0,7.6,42.8,1.0,13.7,40.1
441,1/3/19 2:15 PM,0.0,4.2,86.0,6.7,43.3,1.0,13.8,40.7
442,1/3/19 2:30 PM,0.0,4.0,86.0,6.7,43.3,1.0,13.8,40.5
443,1/3/19 2:45 PM,0.0,4.2,86.0,6.7,43.3,1.0,13.8,40.8
444,1/3/19 3:00 PM,0.0,4.2,86.0,6.7,43.5,1.0,13.8,40.7
445,1/3/19 3:15 PM,0.0,4.6,82.0,6.7,43.0,1.0,13.7,40.5
446,1/3/19 3:30 PM,0.0,4.9,82.0,6.7,42.8,1.0,13.7,40.1
447,1/3/19 3:45 PM,0.0,4.7,82.0,6.7,43.0,1.0,13.7,40.5
448,1/3/19 4:00 PM,0.0,4.3,82.0,6.7,43.1,1.0,13.6,40.3
449,1/3/19 4:15 PM,0.0,4.5,86.0,5.8,42.9,1.0,13.5,40.4
450,1/3/19 4:30 PM,0.0,4.7,86.0,5.8,43.7,1.0,13.4,40.9
451,1/3/19 4:45 PM,0.0,4.5,86.0,5.8,43.4,1.0,13.3,40.8
452,1/3/19 5:00 PM,0.0,4.5,86.0,5.8,39.6,1.0,13.2,37.2
453,1/3/19 5:15 PM,0.0,4.4,89.0,6.3,44.1,1.0,13.1,41.4
454,1/3/19 5:30 PM,2.0,4.4,89.0,6.3,44.1,1.0,13.0,41.3
455,1/3/19 5:45 PM,2.0,4.4,89.0,6.3,43.1,1.0,13.0,40.5
456,1/3/19 6:00 PM,0.0,4.3,89.0,6.3,43.8,1.0,12.9,41.0
457,1/3/19 6:15 PM,0.0,4.2,86.0,7.2,43.5,1.0,12.8,40.8
458,1/3/19 6:30 PM,0.0,4.2,86.0,7.2,44.6,1.0,12.7,41.7
459,1/3/19 6:45 PM,0.0,4.0,86.0,7.2,43.9,1.0,12.6,41.2
460,1/3/19 7:00 PM,0.0,3.8,86.0,7.2,43.9,1.0,12.5,41.1
461,1/3/19 7:15 PM,0.0,3.4,86.0,6.7,43.5,1.0,12.4,40.8
462,1/3/19 7:30 PM,0.0,3.4,86.0,6.7,43.7,1.0,12.4,41.0
463,1/3/19 7:45 PM,0.0,3.1,86.0,6.7,42.4,1.0,12.4,39.8
464,1/3/19 8:00 PM,0.0,2.9,86.0,6.7,44.2,1.0,12.5,41.4
465,1/3/19 8:15 PM,0.0,2.7,86.0,5.8,42.7,1.0,12.5,40.0
466,1/3/19 8:30 PM,0.0,2.9,86.0,5.8,43.5,1.0,12.5,40.7
467,1/3/19 8:45 PM,0.0,3.1,86.0,5.8,42.6,1.0,12.5,39.9
468,1/3/19 9:00 PM,0.0,3.1,86.0,5.8,43.5,1.0,12.5,40.9
469,1/3/19 9:15 PM,0.0,3.2,86.0,7.6,42.7,1.0,12.5,39.9
470,1/3/19 9:30 PM,0.0,3.2,86.0,7.6,44.4,1.0,12.5,41.7
471,1/3/19 9:45 PM,0.0,3.1,86.0,7.6,43.4,1.0,12.5,40.6
472,1/3/19 10:00 PM,0.0,3.2,86.0,7.6,43.2,1.0,12.5,40.6
473,1/3/19 10:15 PM,0.0,3.2,93.0,7.2,42.8,1.0,12.5,40.0
474,1/3/19 10:30 PM,0.0,3.1,93.0,7.2,43.7,1.0,12.6,41.1
475,1/3/19 10:45 PM,0.0,3.0,93.0,7.2,43.4,1.0,12.5,40.6
476,1/3/19 11:00 PM,0.0,3.1,93.0,7.2,43.5,1.0,12.5,40.9
477,1/3/19 11:15 PM,0.0,3.1,89.0,5.8,42.7,1.0,12.5,39.9
478,1/3/19 11:30 PM,0.0,3.0,89.0,5.8,43.0,1.0,12.5,40.5
479,1/3/19 11:45 PM,0.0,3.0,89.0,5.8,43.4,1.0,12.5,40.6
480,1/4/19 12:00 AM,0.0,3.0,89.0,5.8,42.5,1.0,12.5,40.0
481,1/4/19 12:15 AM,0.0,3.0,86.0,7.2,43.6,1.0,12.4,40.7
482,1/4/19 12:30 AM,0.0,3.1,86.0,7.2,43.3,1.0,12.4,40.7
483,1/4/19 12:45 AM,0.0,3.1,86.0,7.2,44.1,1.0,12.4,41.2
484,1/4/19 1:00 AM,0.0,3.0,86.0,7.2,43.2,1.0,12.4,40.6
485,1/4/19 1:15 AM,0.0,3.0,89.0,4.5,44.2,1.0,12.4,41.3
486,1/4/19 1:30 AM,0.0,3.1,89.0,4.5,43.4,1.0,12.4,40.7
487,1/4/19 1:45 AM,0.0,3.1,89.0,4.5,43.6,1.0,12.4,40.8
488,1/4/19 2:00 AM,0.0,3.2,89.0,4.5,43.4,1.0,12.4,40.7
489,1/4/19 2:15 AM,0.0,3.2,86.0,6.7,39.4,1.0,12.4,36.9
490,1/4/19 2:30 AM,0.0,3.2,86.0,6.7,43.6,1.0,12.4,40.8
491,1/4/19 2:45 AM,0.0,3.2,86.0,6.7,43.7,1.0,12.4,40.9
492,1/4/19 3:00 AM,0.0,3.3,86.0,6.7,43.2,1.0,12.3,40.5
493,1/4/19 3:15 AM,0.0,3.3,73.0,5.4,44.1,1.0,12.4,41.2
494,1/4/19 3:30 AM,0.0,3.3,73.0,5.4,43.5,1.0,12.4,40.8
495,1/4/19 3:45 AM,0.0,3.4,73.0,5.4,44.4,1.0,12.4,41.5
496,1/4/19 4:00 AM,0.0,3.4,73.0,5.4,43.3,1.0,12.4,40.5
497,1/4/19 4:15 AM,0.0,3.4,65.0,5.8,43.5,1.0,12.4,40.7
498,1/4/19 4:30 AM,0.0,3.5,65.0,5.8,43.5,1.0,12.4,40.8
499,1/4/19 4:45 AM,0.0,3.6,65.0,5.8,43.7,1.0,12.5,40.9
500,1/4/19 5:00 AM,0.0,3.7,65.0,5.8,43.0,1.0,12.4,40.3
501,1/4/19 5:15 AM,0.0,3.6,59.0,6.3,41.8,1.0,12.4,39.4
502,1/4/19 5:30 AM,0.0,3.6,59.0,6.3,41.1,1.0,12.4,38.3
503,1/4/19 5:45 AM,0.0,3.6,59.0,6.3,40.3,1.0,12.3,37.6
504,1/4/19 6:00 AM,0.0,3.6,59.0,6.3,39.8,1.0,12.2,37.4
505,1/4/19 6:15 AM,0.0,3.7,50.0,5.4,43.8,1.0,12.1,40.9
506,1/4/19 6:30 AM,0.0,3.6,50.0,5.4,42.9,1.0,12.1,40.0
507,1/4/19 6:45 AM,0.0,3.5,50.0,5.4,43.9,1.0,12.0,41.1
508,1/4/19 7:00 AM,0.0,3.4,50.0,5.4,42.7,1.0,12.0,39.9
509,1/4/19 7:15 AM,0.0,3.2,41.0,4.0,43.9,1.0,11.9,41.2
510,1/4/19 7:30 AM,61.0,3.0,41.0,4.0,42.7,1.0,11.9,39.9
511,1/4/19 7:45 AM,61.0,2.9,41.0,4.0,43.4,1.0,11.9,40.7
512,1/4/19 8:00 AM,271.0,2.9,41.0,4.0,43.3,1.0,11.8,40.5
513,1/4/19 8:15 AM,271.0,2.8,33.0,4.0,42.9,1.0,11.9,40.3
514,1/4/19 8:30 AM,559.0,2.5,33.0,4.0,38.5,1.0,11.9,36.2
515,1/4/19 8:45 AM,559.0,2.3,33.0,4.0,40.7,1.0,12.0,38.4
516,1/4/19 9:00 AM,720.0,2.9,33.0,4.0,41.8,1.0,12.2,38.9
517,1/4/19 9:15 AM,720.0,3.5,35.0,5.4,43.2,1.0,12.4,40.5
518,1/4/19 9:30 AM,799.0,5.3,35.0,5.4,42.4,1.0,12.7,39.6
519,1/4/19 9:45 AM,799.0,6.8,35.0,5.4,42.6,1.0,13.0,40.0
520,1/4/19 10:00 AM,853.0,7.8,35.0,5.4,43.2,1.0,13.4,40.4
521,1/4/19 10:15 AM,853.0,8.3,32.0,4.0,42.7,1.0,13.8,40.2
522,1/4/19 10:30 AM,891.0,8.5,32.0,4.0,42.6,1.0,14.3,39.8
523,1/4/19 10:45 AM,891.0,9.3,32.0,4.0,42.9,1.0,14.8,40.4
524,1/4/19 11:00 AM,918.0,10.4,32.0,4.0,42.3,1.0,15.3,39.7
525,1/4/19 11:15 AM,918.0,11.9,33.0,1.3,41.9,1.0,15.8,39.6
526,1/4/19 11:30 AM,934.0,12.2,33.0,1.3,43.0,1.0,16.3,40.4
527,1/4/19 11:45 AM,934.0,12.8,33.0,1.3,42.8,1.0,16.8,40.5
528,1/4/19 12:00 PM,943.0,13.6,33.0,1.3,38.8,1.0,17.3,36.6
529,1/4/19 12:15 PM,943.0,14.2,36.0,0.0,40.0,1.0,17.8,38.2
530,1/4/19 12:30 PM,947.0,14.7,36.0,0.0,41.4,1.0,18.2,39.0
531,1/4/19 12:45 PM,947.0,15.5,36.0,0.0,40.5,1.0,18.7,38.3
532,1/4/19 1:00 PM,946.0,15.2,36.0,0.0,39.5,1.0,19.1,37.4
533,1/4/19 1:15 PM,946.0,15.4,43.0,0.0,39.8,1.0,19.4,38.0
534,1/4/19 1:30 PM,940.0,16.5,43.0,0.0,41.3,1.0,19.8,39.1
535,1/4/19 1:45 PM,940.0,16.8,43.0,0.0,40.4,1.0,20.1,38.3
536,1/4/19 2:00 PM,929.0,16.1,43.0,0.0,39.6,1.0,20.4,37.5
537,1/4/19 2:15 PM,929.0,16.6,50.0,0.0,39.7,1.0,20.6,38.0
538,1/4/19 2:30 PM,902.0,17.2,50.0,0.0,40.8,1.0,20.7,38.8
539,1/4/19 2:45 PM,902.0,17.8,50.0,0.0,40.6,1.0,21.0,38.5
540,1/4/19 3:00 PM,864.0,18.9,50.0,0.0,39.9,1.0,21.2,38.0
541,1/4/19 3:15 PM,864.0,19.1,50.0,0.0,38.9,1.0,21.3,37.4
542,1/4/19 3:30 PM,821.0,19.8,50.0,0.0,41.5,1.0,21.4,39.6
543,1/4/19 3:45 PM,821.0,19.0,50.0,0.0,40.6,1.0,21.5,38.8
544,1/4/19 4:00 PM,759.0,19.7,50.0,0.0,39.6,1.0,21.5,37.9
545,1/4/19 4:15 PM,759.0,20.0,67.0,3.1,39.2,1.0,21.5,37.7
546,1/4/19 4:30 PM,659.0,18.5,67.0,3.1,41.4,1.0,21.4,39.6
547,1/4/19 4:45 PM,659.0,18.6,67.0,3.1,41.1,1.0,21.2,39.2
548,1/4/19 5:00 PM,487.0,18.4,67.0,3.1,40.1,1.0,21.1,38.4
549,1/4/19 5:15 PM,487.0,18.4,54.0,1.3,39.2,1.0,20.8,37.7
550,1/4/19 5:30 PM,130.0,18.1,54.0,1.3,41.6,1.0,20.6,39.9
551,1/4/19 5:45 PM,130.0,18.2,54.0,1.3,41.1,1.0,20.4,39.3
552,1/4/19 6:00 PM,0.0,16.0,54.0,1.3,40.2,1.0,20.1,38.5
553,1/4/19 6:15 PM,0.0,13.7,77.0,3.6,39.4,1.0,19.9,37.8
554,1/4/19 6:30 PM,0.0,12.3,77.0,3.6,41.1,1.0,19.7,39.4
555,1/4/19 6:45 PM,0.0,10.6,77.0,3.6,41.4,1.0,19.4,39.5
556,1/4/19 7:00 PM,0.0,10.1,77.0,3.6,40.5,1.0,19.2,38.7
557,1/4/19 7:15 PM,0.0,8.6,77.0,3.1,39.4,1.0,19.0,37.7
558,1/4/19 7:30 PM,0.0,7.9,77.0,3.1,41.8,1.0,18.8,39.9
559,1/4/19 7:45 PM,0.0,7.5,77.0,3.1,41.3,1.0,18.6,39.3
560,1/4/19 8:00 PM,0.0,6.5,77.0,3.1,40.4,1.0,18.4,38.4
561,1/4/19 8:15 PM,0.0,5.7,79.0,0.0,39.6,1.0,18.2,37.7
562,1/4/19 8:30 PM,0.0,5.5,79.0,0.0,40.5,1.0,18.0,38.8
563,1/4/19 8:45 PM,0.0,5.2,79.0,0.0,41.2,1.0,17.8,39.1
564,1/4/19 9:00 PM,0.0,4.9,79.0,0.0,40.3,1.0,17.7,38.3
565,1/4/19 9:15 PM,0.0,4.2,73.0,0.0,39.1,1.0,17.5,37.2
566,1/4/19 9:30 PM,0.0,4.3,73.0,0.0,41.0,1.0,17.3,39.1
567,1/4/19 9:45 PM,0.0,3.9,73.0,0.0,40.8,1.0,17.1,38.7
568,1/4/19 10:00 PM,0.0,3.5,73.0,0.0,40.2,1.0,17.0,38.0
569,1/4/19 10:15 PM,0.0,3.2,79.0,1.3,39.5,1.0,16.8,37.5
570,1/4/19 10:30 PM,0.0,2.9,79.0,1.3,40.9,1.0,16.6,39.0
571,1/4/19 10:45 PM,0.0,3.0,79.0,1.3,41.0,1.0,16.5,38.7
572,1/4/19 11:00 PM,0.0,2.6,79.0,1.3,40.2,1.0,16.3,38.0
573,1/4/19 11:15 PM,0.0,2.4,79.0,2.2,39.5,1.0,16.2,37.4
574,1/4/19 11:30 PM,0.0,2.0,79.0,2.2,40.8,1.0,16.0,38.9
575,1/4/19 11:45 PM,0.0,2.2,79.0,2.2,42.1,1.0,15.9,39.6
576,1/5/19 12:00 AM,0.0,1.9,79.0,2.2,42.6,1.0,15.8,40.3
577,1/5/19 12:15 AM,0.0,1.7,82.0,2.7,42.4,1.0,15.6,40.0
578,1/5/19 12:30 AM,0.0,1.6,82.0,2.7,41.9,1.0,15.5,39.7
579,1/5/19 12:45 AM,0.0,1.7,82.0,2.7,42.7,1.0,15.4,40.1
580,1/5/19 1:00 AM,0.0,1.4,82.0,2.7,42.3,1.0,15.3,40.0
581,1/5/19 1:15 AM,0.0,1.8,89.0,2.2,42.4,1.0,15.2,39.8
582,1/5/19 1:30 AM,0.0,1.5,89.0,2.2,41.8,1.0,15.0,39.5
583,1/5/19 1:45 AM,0.0,1.2,89.0,2.2,42.4,1.0,14.9,39.8
584,1/5/19 2:00 AM,0.0,0.9,89.0,2.2,41.8,1.0,14.8,39.5
585,1/5/19 2:15 AM,0.0,0.7,86.0,0.0,42.3,1.0,14.7,39.8
586,1/5/19 2:30 AM,0.0,0.5,86.0,0.0,41.6,1.0,14.6,39.3
587,1/5/19 2:45 AM,0.0,0.7,86.0,0.0,42.2,1.0,14.5,39.6
588,1/5/19 3:00 AM,0.0,0.8,86.0,0.0,41.6,1.0,14.4,39.2
589,1/5/19 3:15 AM,0.0,0.5,76.0,0.0,42.2,1.0,14.3,39.6
590,1/5/19 3:30 AM,0.0,0.5,76.0,0.0,41.8,1.0,14.2,39.3
591,1/5/19 3:45 AM,0.0,0.4,76.0,0.0,42.6,1.0,14.1,40.0
592,1/5/19 4:00 AM,0.0,0.3,76.0,0.0,41.8,1.0,14.0,39.3
593,1/5/19 4:15 AM,0.0,0.1,64.0,1.3,42.6,1.0,13.9,39.9
594,1/5/19 4:30 AM,0.0,-0.1,64.0,1.3,41.6,1.0,13.8,39.1
595,1/5/19 4:45 AM,0.0,0.3,64.0,1.3,43.1,1.0,13.7,40.4
596,1/5/19 5:00 AM,0.0,0.0,64.0,1.3,42.1,1.0,13.6,39.6
597,1/5/19 5:15 AM,0.0,-0.3,53.0,2.2,39.3,1.0,13.5,36.8
598,1/5/19 5:30 AM,0.0,-0.2,53.0,2.2,42.0,1.0,13.4,39.4
599,1/5/19 5:45 AM,0.0,-0.2,53.0,2.2,42.3,1.0,13.3,39.7
600,1/5/19 6:00 AM,0.0,-0.4,53.0,2.2,41.6,1.0,13.3,39.0
601,1/5/19 6:15 AM,0.0,-0.5,37.0,2.2,42.5,1.0,13.2,39.9
602,1/5/19 6:30 AM,0.0,-0.4,37.0,2.2,41.9,1.0,13.1,39.2
603,1/5/19 6:45 AM,0.0,-0.5,37.0,2.2,42.2,1.0,13.0,39.6
604,1/5/19 7:00 AM,0.0,-0.1,37.0,2.2,42.0,1.0,12.9,39.4
605,1/5/19 7:15 AM,0.0,-0.3,32.0,0.0,39.4,1.0,12.8,36.8
606,1/5/19 7:30 AM,73.0,-0.5,32.0,0.0,38.8,1.0,12.8,36.5
607,1/5/19 7:45 AM,73.0,-0.4,32.0,0.0,41.3,1.0,12.7,38.8
608,1/5/19 8:00 AM,427.0,-0.4,32.0,0.0,41.1,1.0,12.6,38.2
609,1/5/19 8:15 AM,427.0,-0.4,31.0,2.2,42.6,1.0,12.6,39.9
610,1/5/19 8:30 AM,645.0,-0.4,31.0,2.2,42.0,1.0,12.7,39.1
611,1/5/19 8:45 AM,645.0,-0.5,31.0,2.2,42.7,1.0,12.8,40.0
612,1/5/19 9:00 AM,762.0,0.1,31.0,2.2,42.5,1.0,13.0,39.6
613,1/5/19 9:15 AM,762.0,0.5,32.0,2.7,42.2,1.0,13.3,39.6
614,1/5/19 9:30 AM,837.0,3.5,32.0,2.7,41.9,1.0,13.6,39.2
615,1/5/19 9:45 AM,837.0,8.8,32.0,2.7,41.9,1.0,14.1,39.4
616,1/5/19 10:00 AM,887.0,10.7,32.0,2.7,41.7,1.0,14.5,39.2
617,1/5/19 10:15 AM,887.0,12.5,30.0,4.0,39.7,1.0,15.1,37.2
618,1/5/19 10:30 AM,922.0,14.4,30.0,4.0,38.8,1.0,15.6,36.5
619,1/5/19 10:45 AM,922.0,16.0,30.0,4.0,43.0,1.0,16.2,40.5
620,1/5/19 11:00 AM,946.0,16.6,30.0,4.0,42.2,1.0,16.7,39.7
621,1/5/19 11:15 AM,946.0,16.1,37.0,4.0,42.1,1.0,17.3,39.8
622,1/5/19 11:30 AM,957.0,16.8,37.0,4.0,42.4,1.0,17.9,40.0
623,1/5/19 11:45 AM,957.0,18.0,37.0,4.0,41.7,1.0,18.5,39.6
624,1/5/19 12:00 PM,961.0,18.7,37.0,4.0,41.8,1.0,19.1,39.5
625,1/5/19 12:15 PM,961.0,20.3,44.0,3.6,41.6,1.0,19.7,39.6
626,1/5/19 12:30 PM,965.0,21.8,44.0,3.6,42.1,1.0,20.2,39.8
627,1/5/19 12:45 PM,965.0,22.9,44.0,3.6,42.0,1.0,20.8,40.0
628,1/5/19 1:00 PM,963.0,23.5,44.0,3.6,42.4,1.0,21.3,40.3
629,1/5/19 1:15 PM,963.0,24.4,51.0,3.6,41.4,1.0,21.8,39.5
630,1/5/19 1:30 PM,955.0,25.3,51.0,3.6,38.8,1.0,22.2,37.1
631,1/5/19 1:45 PM,955.0,24.0,51.0,3.6,39.4,1.0,22.6,38.0
632,1/5/19 2:00 PM,941.0,25.5,51.0,3.6,40.9,1.0,22.8,39.1
633,1/5/19 2:15 PM,941.0,26.0,53.0,4.5,37.2,1.0,23.0,36.0
634,1/5/19 2:30 PM,913.0,27.2,53.0,4.5,35.6,1.0,23.2,34.5
635,1/5/19 2:45 PM,913.0,27.1,53.0,4.5,34.1,1.0,23.4,32.4
636,1/5/19 3:00 PM,873.0,27.5,53.0,4.5,33.6,1.0,23.6,31.4
637,1/5/19 3:15 PM,873.0,26.7,66.0,3.6,33.0,1.0,23.7,30.3
638,1/5/19 3:30 PM,825.0,26.7,66.0,3.6,31.9,1.0,23.7,29.1
639,1/5/19 3:45 PM,825.0,26.1,66.0,3.6,30.5,1.0,23.7,28.2
640,1/5/19 4:00 PM,754.0,26.9,66.0,3.6,29.2,1.0,23.7,27.5
641,1/5/19 4:15 PM,754.0,26.2,66.0,4.0,28.2,1.0,23.6,26.9
642,1/5/19 4:30 PM,647.0,26.6,66.0,4.0,27.5,1.0,23.5,26.3
643,1/5/19 4:45 PM,647.0,27.3,66.0,4.0,26.8,1.0,23.2,25.7
644,1/5/19 5:00 PM,467.0,26.7,66.0,4.0,26.1,1.0,23.0,25.2
645,1/5/19 5:15 PM,467.0,25.8,66.0,2.7,25.6,1.0,22.6,24.7
646,1/5/19 5:30 PM,121.0,25.9,66.0,2.7,25.0,1.0,22.3,24.3
647,1/5/19 5:45 PM,121.0,24.9,66.0,2.7,24.6,1.0,21.9,23.9
648,1/5/19 6:00 PM,0.0,21.3,66.0,2.7,24.1,1.0,21.6,23.5
649,1/5/19 6:15 PM,0.0,18.3,63.0,2.7,23.6,1.0,21.2,23.1
650,1/5/19 6:30 PM,0.0,17.1,63.0,2.7,23.2,1.0,20.9,22.7
651,1/5/19 6:45 PM,0.0,15.6,63.0,2.7,22.7,1.0,20.6,22.3
652,1/5/19 7:00 PM,0.0,14.5,63.0,2.7,22.3,1.0,20.3,21.8
653,1/5/19 7:15 PM,0.0,14.2,66.0,3.6,21.9,1.0,20.0,21.4
654,1/5/19 7:30 PM,0.0,13.3,66.0,3.6,21.4,1.0,19.7,21.0
655,1/5/19 7:45 PM,0.0,12.7,66.0,3.6,21.0,1.0,19.4,20.6
656,1/5/19 8:00 PM,0.0,12.1,66.0,3.6,20.6,1.0,19.2,20.2
657,1/5/19 8:15 PM,0.0,10.9,68.0,3.6,20.2,1.0,18.9,19.7
658,1/5/19 8:30 PM,0.0,10.3,68.0,3.6,19.8,1.0,18.6,19.3
659,1/5/19 8:45 PM,0.0,9.7,68.0,3.6,19.4,1.0,18.4,18.9
660,1/5/19 9:00 PM,0.0,10.0,68.0,3.6,19.0,1.0,18.1,18.5
661,1/5/19 9:15 PM,0.0,9.8,68.0,3.1,18.6,1.0,17.9,18.1
662,1/5/19 9:30 PM,0.0,9.5,68.0,3.1,18.2,1.0,17.6,17.7
663,1/5/19 9:45 PM,0.0,9.5,68.0,3.1,17.8,0.0,17.4,17.3
664,1/5/19 10:00 PM,0.0,9.2,68.0,3.1,17.3,0.0,17.1,16.9
665,1/5/19 10:15 PM,0.0,8.8,76.0,2.7,16.9,0.0,16.9,16.5
666,1/5/19 10:30 PM,0.0,8.5,76.0,2.7,16.5,0.0,16.6,16.2
667,1/5/19 10:45 PM,0.0,8.5,76.0,2.7,16.0,0.0,16.4,15.8
668,1/5/19 11:00 PM,0.0,8.9,76.0,2.7,15.6,0.0,16.1,15.5
669,1/5/19 11:15 PM,0.0,7.5,71.0,3.6,15.2,0.0,15.9,15.1
670,1/5/19 11:30 PM,0.0,7.6,71.0,3.6,14.8,0.0,15.7,14.8
671,1/5/19 11:45 PM,0.0,8.2,71.0,3.6,14.4,0.0,15.5,14.5
672,1/6/19 12:00 AM,0.0,8.0,71.0,3.6,14.0,0.0,15.2,14.2
673,1/6/19 12:15 AM,0.0,7.3,76.0,3.6,13.7,0.0,15.0,13.8
674,1/6/19 12:30 AM,0.0,7.2,76.0,3.6,13.3,0.0,14.8,13.5
675,1/6/19 12:45 AM,0.0,6.8,76.0,3.6,13.0,0.0,14.5,13.2
676,1/6/19 1:00 AM,0.0,6.6,76.0,3.6,12.6,0.0,14.3,12.9
677,1/6/19 1:15 AM,0.0,6.5,71.0,5.4,12.3,0.0,14.1,12.7
678,1/6/19 1:30 AM,0.0,6.5,71.0,5.4,12.0,0.0,13.9,12.4
679,1/6/19 1:45 AM,0.0,5.7,71.0,5.4,11.7,0.0,13.7,12.2
680,1/6/19 2:00 AM,0.0,6.4,71.0,5.4,11.4,0.0,13.5,11.9
681,1/6/19 2:15 AM,0.0,6.1,71.0,4.0,11.1,0.0,13.3,11.7
682,1/6/19 2:30 AM,0.0,5.8,71.0,4.0,10.8,0.0,13.1,11.4
683,1/6/19 2:45 AM,0.0,5.8,71.0,4.0,10.5,0.0,12.9,11.2
684,1/6/19 3:00 AM,0.0,5.8,71.0,4.0,10.3,0.0,12.7,10.9
685,1/6/19 3:15 AM,0.0,5.9,66.0,4.5,10.0,0.0,12.5,10.7
686,1/6/19 3:30 AM,0.0,6.0,66.0,4.5,9.8,0.0,12.3,10.5
687,1/6/19 3:45 AM,0.0,5.8,66.0,4.5,9.6,0.0,12.1,10.3
688,1/6/19 4:00 AM,0.0,7.5,66.0,4.5,9.4,0.0,11.9,10.1
689,1/6/19 4:15 AM,0.0,6.3,59.0,6.3,9.2,0.0,11.7,10.0
690,1/6/19 4:30 AM,0.0,6.8,59.0,6.3,9.0,0.0,11.5,9.8
691,1/6/19 4:45 AM,0.0,6.0,59.0,6.3,8.8,0.0,11.3,9.6
692,1/6/19 5:00 AM,0.0,5.5,59.0,6.3,8.6,0.0,11.2,9.4
693,1/6/19 5:15 AM,0.0,4.6,60.0,8.0,8.4,0.0,11.0,9.2
694,1/6/19 5:30 AM,0.0,4.8,60.0,8.0,8.3,0.0,10.8,9.0
695,1/6/19 5:45 AM,0.0,4.7,60.0,8.0,8.1,0.0,10.6,8.8
696,1/6/19 6:00 AM,0.0,4.1,60.0,8.0,7.9,0.0,10.4,8.7
697,1/6/19 6:15 AM,0.0,3.6,62.0,7.6,7.7,0.0,10.3,8.5
698,1/6/19 6:30 AM,0.0,3.9,62.0,7.6,7.5,0.0,10.1,8.3
699,1/6/19 6:45 AM,0.0,4.7,62.0,7.6,7.3,0.0,9.9,8.2
700,1/6/19 7:00 AM,0.0,4.3,62.0,7.6,7.2,0.0,9.8,8.0
701,1/6/19 7:15 AM,0.0,4.1,56.0,9.8,7.0,0.0,9.7,7.9
702,1/6/19 7:30 AM,36.0,4.7,56.0,9.8,6.8,0.0,9.5,7.7
703,1/6/19 7:45 AM,36.0,3.9,56.0,9.8,6.7,0.0,9.4,7.6
704,1/6/19 8:00 AM,227.0,3.9,56.0,9.8,6.6,0.0,9.4,7.5
705,1/6/19 8:15 AM,227.0,4.2,57.0,10.3,6.4,0.0,9.3,7.4
706,1/6/19 8:30 AM,366.0,4.4,57.0,10.3,6.3,0.0,9.3,7.3
707,1/6/19 8:45 AM,366.0,6.0,57.0,10.3,6.2,0.0,9.4,7.2
708,1/6/19 9:00 AM,548.0,7.5,57.0,10.3,6.2,0.0,9.4,7.1
709,1/6/19 9:15 AM,548.0,8.5,68.0,8.0,6.1,0.0,9.6,7.1
710,1/6/19 9:30 AM,712.0,9.5,68.0,8.0,6.2,0.0,9.8,7.2
711,1/6/19 9:45 AM,712.0,9.8,68.0,8.0,6.2,0.0,10.2,7.2
712,1/6/19 10:00 AM,472.0,12.2,68.0,8.0,6.3,0.0,10.6,7.3
713,1/6/19 10:15 AM,472.0,13.4,78.0,10.7,6.5,0.0,11.0,7.4
714,1/6/19 10:30 AM,277.0,15.9,78.0,10.7,6.7,0.0,11.1,7.6
715,1/6/19 10:45 AM,277.0,17.2,78.0,10.7,7.0,0.0,11.5,7.9
716,1/6/19 11:00 AM,388.0,18.0,78.0,10.7,7.3,0.0,11.9,8.2
717,1/6/19 11:15 AM,388.0,17.4,78.0,6.3,7.6,0.0,12.4,8.4
718,1/6/19 11:30 AM,623.0,15.4,78.0,6.3,7.8,0.0,12.9,8.5
719,1/6/19 11:45 AM,623.0,20.6,78.0,6.3,8.1,0.0,13.5,8.8
720,1/6/19 12:00 PM,667.0,20.4,78.0,6.3,8.5,0.0,14.1,9.3
721,1/6/19 12:15 PM,667.0,20.5,78.0,6.3,8.9,0.0,14.5,9.6
722,1/6/19 12:30 PM,590.0,22.2,78.0,6.3,9.3,0.0,14.9,10.1
723,1/6/19 12:45 PM,590.0,22.9,78.0,6.3,9.8,0.0,15.4,10.6
724,1/6/19 1:00 PM,877.0,23.9,78.0,6.3,10.2,0.0,15.9,11.0
725,1/6/19 1:15 PM,877.0,22.2,81.0,4.5,10.6,0.0,16.3,11.5
726,1/6/19 1:30 PM,811.0,22.8,81.0,4.5,10.9,0.0,16.7,12.1
727,1/6/19 1:45 PM,811.0,24.2,81.0,4.5,11.3,0.0,16.8,12.8
728,1/6/19 2:00 PM,416.0,24.4,81.0,4.5,11.8,0.0,16.9,13.6
729,1/6/19 2:15 PM,416.0,24.8,81.0,5.8,12.2,0.0,17.1,14.4
730,1/6/19 2:30 PM,417.0,24.2,81.0,5.8,12.7,0.0,17.3,15.1
731,1/6/19 2:45 PM,417.0,23.3,81.0,5.8,13.2,0.0,17.5,15.8
732,1/6/19 3:00 PM,518.0,22.9,81.0,5.8,13.6,0.0,17.7,16.3
733,1/6/19 3:15 PM,518.0,22.8,80.0,6.7,14.1,0.0,17.8,16.8
734,1/6/19 3:30 PM,102.0,23.0,80.0,6.7,14.5,0.0,17.9,17.2
735,1/6/19 3:45 PM,102.0,22.3,80.0,6.7,14.9,0.0,17.8,17.7
736,1/6/19 4:00 PM,7.0,22.4,80.0,6.7,15.2,0.0,17.7,18.1
737,1/6/19 4:15 PM,7.0,21.1,80.0,7.2,15.6,0.0,17.6,18.5
738,1/6/19 4:30 PM,279.0,19.0,80.0,7.2,15.9,0.0,17.6,18.7
739,1/6/19 4:45 PM,279.0,18.2,80.0,7.2,16.1,0.0,17.5,18.8
740,1/6/19 5:00 PM,346.0,17.9,80.0,7.2,16.3,0.0,17.4,18.8
741,1/6/19 5:15 PM,346.0,19.5,83.0,7.2,16.5,0.0,17.2,18.8
742,1/6/19 5:30 PM,68.0,20.1,83.0,7.2,16.8,0.0,16.9,18.9
743,1/6/19 5:45 PM,68.0,18.6,83.0,7.2,16.9,0.0,16.8,18.8
744,1/6/19 6:00 PM,0.0,17.2,83.0,7.2,17.0,0.0,16.6,18.8
745,1/6/19 6:15 PM,0.0,17.2,84.0,10.3,17.1,0.0,16.4,18.7
746,1/6/19 6:30 PM,0.0,17.0,84.0,10.3,17.1,0.0,16.3,18.6
747,1/6/19 6:45 PM,0.0,16.8,84.0,10.3,17.1,0.0,16.3,18.4
748,1/6/19 7:00 PM,0.0,16.5,84.0,10.3,17.2,0.0,16.2,18.3
749,1/6/19 7:15 PM,0.0,16.6,84.0,8.9,17.2,0.0,16.2,18.2
750,1/6/19 7:30 PM,0.0,16.8,84.0,8.9,17.2,0.0,16.2,18.1
751,1/6/19 7:45 PM,0.0,16.7,84.0,8.9,17.1,0.0,16.1,18.0
752,1/6/19 8:00 PM,0.0,16.8,84.0,8.9,17.1,0.0,16.0,17.9
753,1/6/19 8:15 PM,0.0,16.6,84.0,7.6,17.1,0.0,15.9,17.8
754,1/6/19 8:30 PM,0.0,16.5,84.0,7.6,17.1,0.0,15.8,17.7
755,1/6/19 8:45 PM,0.0,15.9,84.0,7.6,17.1,0.0,15.8,17.6
756,1/6/19 9:00 PM,0.0,15.7,84.0,7.6,17.0,0.0,15.7,17.5
757,1/6/19 9:15 PM,0.0,16.0,84.0,7.2,16.9,0.0,15.7,17.3
758,1/6/19 9:30 PM,0.0,16.4,84.0,7.2,16.9,0.0,15.6,17.2
759,1/6/19 9:45 PM,0.0,16.5,84.0,7.2,16.8,0.0,15.5,17.1
760,1/6/19 10:00 PM,0.0,16.6,84.0,7.2,16.7,0.0,15.4,17.0
761,1/6/19 10:15 PM,0.0,16.4,84.0,7.2,16.7,0.0,15.4,16.9
762,1/6/19 10:30 PM,0.0,16.3,84.0,7.2,16.6,0.0,15.3,16.8
763,1/6/19 10:45 PM,0.0,16.3,84.0,7.2,16.5,0.0,15.3,16.7
764,1/6/19 11:00 PM,0.0,16.4,84.0,7.2,16.4,0.0,15.2,16.6
765,1/6/19 11:15 PM,0.0,16.4,86.0,6.7,16.4,0.0,15.2,16.5
766,1/6/19 11:30 PM,0.0,16.2,86.0,6.7,16.3,0.0,15.2,16.4
767,1/6/19 11:45 PM,0.0,16.2,86.0,6.7,16.2,0.0,15.2,16.3
768,1/7/19 12:00 AM,0.0,16.2,86.0,6.7,16.2,0.0,15.2,16.2
769,1/7/19 12:15 AM,0.0,16.0,86.0,5.8,16.1,0.0,15.3,16.2
770,1/7/19 12:30 AM,0.0,16.1,86.0,5.8,16.0,0.0,15.3,16.1
771,1/7/19 12:45 AM,0.0,16.5,86.0,5.8,16.0,0.0,15.4,16.0
772,1/7/19 1:00 AM,0.0,16.7,86.0,5.8,16.0,0.0,15.4,16.0
773,1/7/19 1:15 AM,0.0,17.0,90.0,3.6,15.9,0.0,15.5,16.0
774,1/7/19 1:30 AM,0.0,17.1,90.0,3.6,15.9,0.0,15.5,15.9
775,1/7/19 1:45 AM,0.0,17.3,90.0,3.6,15.9,0.0,15.6,15.9
776,1/7/19 2:00 AM,0.0,17.3,90.0,3.6,15.9,0.0,15.6,15.9
777,1/7/19 2:15 AM,0.0,17.4,93.0,4.0,15.8,0.0,15.6,15.9
778,1/7/19 2:30 AM,0.0,17.4,93.0,4.0,15.8,0.0,15.5,15.9
779,1/7/19 2:45 AM,0.0,17.4,93.0,4.0,15.8,0.0,15.4,15.9
780,1/7/19 3:00 AM,0.0,17.2,93.0,4.0,15.8,0.0,15.4,15.9
781,1/7/19 3:15 AM,0.0,17.0,86.0,5.4,15.8,0.0,15.4,15.8
782,1/7/19 3:30 AM,0.0,16.8,86.0,5.4,15.8,0.0,15.4,15.8
783,1/7/19 3:45 AM,0.0,17.0,86.0,5.4,15.7,0.0,15.4,15.8
784,1/7/19 4:00 AM,0.0,17.0,86.0,5.4,15.7,0.0,15.4,15.7
785,1/7/19 4:15 AM,0.0,16.9,78.0,5.8,15.7,0.0,15.4,15.7
786,1/7/19 4:30 AM,0.0,17.1,78.0,5.8,15.7,0.0,15.4,15.7
787,1/7/19 4:45 AM,0.0,16.9,78.0,5.8,15.7,0.0,15.4,15.7
788,1/7/19 5:00 AM,0.0,16.9,78.0,5.8,15.7,0.0,15.4,15.7
789,1/7/19 5:15 AM,0.0,17.0,53.0,5.8,15.7,0.0,15.4,15.7
790,1/7/19 5:30 AM,0.0,17.0,53.0,5.8,15.7,0.0,15.4,15.7
791,1/7/19 5:45 AM,0.0,17.0,53.0,5.8,15.7,0.0,15.4,15.7
792,1/7/19 6:00 AM,0.0,17.2,53.0,5.8,15.7,0.0,15.4,15.7
793,1/7/19 6:15 AM,0.0,17.2,47.0,5.8,15.7,0.0,15.4,15.7
794,1/7/19 6:30 AM,0.0,17.4,47.0,5.8,15.7,0.0,15.4,15.7
795,1/7/19 6:45 AM,0.0,17.3,47.0,5.8,15.7,0.0,15.4,15.7
796,1/7/19 7:00 AM,0.0,17.3,47.0,5.8,15.7,0.0,15.4,15.7
797,1/7/19 7:15 AM,0.0,17.4,37.0,6.7,15.7,0.0,15.4,15.7
798,1/7/19 7:30 AM,36.0,17.3,37.0,6.7,15.7,0.0,15.4,15.7
799,1/7/19 7:45 AM,36.0,17.4,37.0,6.7,15.7,0.0,15.3,15.7
800,1/7/19 8:00 AM,187.0,17.0,37.0,6.7,15.7,0.0,15.3,15.7
801,1/7/19 8:15 AM,187.0,16.8,35.0,5.4,15.7,0.0,15.3,15.7
802,1/7/19 8:30 AM,372.0,16.9,35.0,5.4,15.7,0.0,15.2,15.7
803,1/7/19 8:45 AM,372.0,16.9,35.0,5.4,15.7,0.0,15.2,15.7
804,1/7/19 9:00 AM,503.0,16.8,35.0,5.4,15.7,0.0,15.2,15.7
805,1/7/19 9:15 AM,503.0,16.6,27.0,5.4,15.7,0.0,15.2,15.7
806,1/7/19 9:30 AM,574.0,16.6,27.0,5.4,15.7,0.0,15.2,15.6
807,1/7/19 9:45 AM,574.0,16.7,27.0,5.4,15.7,0.0,15.4,15.6