#,Time,DNI (W/m2),Air Temp. (C),Humidity (%),Wind Speed (m/s),Av. Surface temp (non-heated zone) (C) 
1,12/30/18 12:15 AM,0.0,1.7,78.0,2.7,3.5
2,12/30/18 12:30 AM,0.0,1.7,78.0,2.7,3.4
3,12/30/18 12:45 AM,0.0,1.7,78.0,2.7,3.3
4,12/30/18 1:00 AM,0.0,1.7,78.0,2.7,3.2
5,12/30/18 1:15 AM,0.0,2.2,76.0,1.3,3.1
6,12/30/18 1:30 AM,0.0,2.2,76.0,1.3,3.1
7,12/30/18 1:45 AM,0.0,2.2,76.0,1.3,3.0
8,12/30/18 2:00 AM,0.0,2.2,76.0,1.3,3.0
9,12/30/18 2:15 AM,0.0,2.8,73.0,1.3,3.0
10,12/30/18 2:30 AM,0.0,2.8,73.0,1.3,2.9
11,12/30/18 2:45 AM,0.0,2.8,73.0,1.3,2.9
12,12/30/18 3:00 AM,0.0,2.8,73.0,1.3,2.8
13,12/30/18 3:15 AM,0.0,3.3,70.0,1.3,2.8
14,12/30/18 3:30 AM,0.0,3.3,70.0,1.3,2.8
15,12/30/18 3:45 AM,0.0,3.3,70.0,1.3,2.8
16,12/30/18 4:00 AM,0.0,3.3,70.0,1.3,2.7
17,12/30/18 4:15 AM,0.0,3.3,73.0,0.0,2.7
18,12/30/18 4:30 AM,0.0,3.3,73.0,0.0,2.7
19,12/30/18 4:45 AM,0.0,3.3,73.0,0.0,2.7
20,12/30/18 5:00 AM,0.0,3.3,73.0,0.0,2.7
21,12/30/18 5:15 AM,0.0,3.3,73.0,2.7,2.7
22,12/30/18 5:30 AM,0.0,3.3,73.0,2.7,2.7
23,12/30/18 5:45 AM,0.0,3.3,73.0,2.7,2.7
24,12/30/18 6:00 AM,0.0,3.3,73.0,2.7,2.7
25,12/30/18 6:15 AM,0.0,3.3,73.0,2.7,2.7
26,12/30/18 6:30 AM,0.0,3.3,73.0,2.7,2.7
27,12/30/18 6:45 AM,0.0,3.3,73.0,2.7,2.7
28,12/30/18 7:00 AM,0.0,3.3,73.0,2.7,2.7
29,12/30/18 7:15 AM,0.0,3.9,70.0,2.7,2.8
30,12/30/18 7:30 AM,10.0,3.9,70.0,2.7,2.8
31,12/30/18 7:45 AM,10.0,3.9,70.0,2.7,2.8
32,12/30/18 8:00 AM,0.0,3.9,70.0,2.7,2.9
33,12/30/18 8:15 AM,0.0,4.4,68.0,0.0,2.9
34,12/30/18 8:30 AM,0.0,4.4,68.0,0.0,2.9
35,12/30/18 8:45 AM,0.0,4.4,68.0,0.0,2.9
36,12/30/18 9:00 AM,0.0,4.4,68.0,0.0,2.9
37,12/30/18 9:15 AM,0.0,4.4,70.0,2.2,3.0
38,12/30/18 9:30 AM,0.0,4.4,70.0,2.2,3.0
39,12/30/18 9:45 AM,0.0,4.4,70.0,2.2,3.0
40,12/30/18 10:00 AM,0.0,4.4,70.0,2.2,3.1
41,12/30/18 10:15 AM,0.0,5.0,67.0,1.3,3.1
42,12/30/18 10:30 AM,0.0,5.0,67.0,1.3,3.2
43,12/30/18 10:45 AM,0.0,5.0,67.0,1.3,3.2
44,12/30/18 11:00 AM,0.0,5.0,67.0,1.3,3.2
45,12/30/18 11:15 AM,0.0,4.4,73.0,2.2,3.3
46,12/30/18 11:30 AM,0.0,4.4,73.0,2.2,3.3
47,12/30/18 11:45 AM,0.0,4.4,73.0,2.2,3.4
48,12/30/18 12:00 PM,0.0,4.4,73.0,2.2,3.4
49,12/30/18 12:15 PM,0.0,5.0,73.0,1.3,3.5
50,12/30/18 12:30 PM,0.0,5.0,73.0,1.3,3.6
51,12/30/18 12:45 PM,0.0,5.0,73.0,1.3,3.7
52,12/30/18 1:00 PM,0.0,5.0,73.0,1.3,3.9
53,12/30/18 1:15 PM,0.0,5.0,73.0,2.2,4.0
54,12/30/18 1:30 PM,0.0,5.0,73.0,2.2,4.1
55,12/30/18 1:45 PM,0.0,5.0,73.0,2.2,4.1
56,12/30/18 2:00 PM,6.0,5.0,73.0,2.2,4.2
57,12/30/18 2:15 PM,6.0,3.9,89.0,2.2,4.2
58,12/30/18 2:30 PM,2.0,3.9,89.0,2.2,4.3
59,12/30/18 2:45 PM,2.0,3.9,89.0,2.2,4.4
60,12/30/18 3:00 PM,3.0,3.9,89.0,2.2,4.5
61,12/30/18 3:15 PM,3.0,3.9,93.0,2.7,4.6
62,12/30/18 3:30 PM,33.0,3.9,93.0,2.7,4.6
63,12/30/18 3:45 PM,33.0,3.9,93.0,2.7,4.7
64,12/30/18 4:00 PM,2.0,3.9,93.0,2.7,4.7
65,12/30/18 4:15 PM,2.0,3.9,96.0,1.3,4.7
66,12/30/18 4:30 PM,39.0,3.9,96.0,1.3,4.7
67,12/30/18 4:45 PM,39.0,3.9,96.0,1.3,4.7
68,12/30/18 5:00 PM,56.0,3.9,96.0,1.3,4.7
69,12/30/18 5:15 PM,56.0,3.9,96.0,0.0,4.7
70,12/30/18 5:30 PM,0.0,3.9,96.0,0.0,4.7
71,12/30/18 5:45 PM,0.0,3.9,96.0,0.0,4.7
72,12/30/18 6:00 PM,0.0,3.9,96.0,0.0,4.6
73,12/30/18 6:15 PM,0.0,3.9,10.0,0.0,4.6
74,12/30/18 6:30 PM,0.0,3.9,10.0,0.0,4.6
75,12/30/18 6:45 PM,0.0,3.9,10.0,0.0,4.6
76,12/30/18 7:00 PM,0.0,3.9,10.0,0.0,4.7
77,12/30/18 7:15 PM,0.0,3.9,10.0,2.2,4.7
78,12/30/18 7:30 PM,0.0,3.9,10.0,2.2,4.7
79,12/30/18 7:45 PM,0.0,3.9,10.0,2.2,4.7
80,12/30/18 8:00 PM,0.0,3.9,10.0,2.2,4.7
81,12/30/18 8:15 PM,0.0,4.4,93.0,4.0,4.7
82,12/30/18 8:30 PM,0.0,4.4,93.0,4.0,4.7
83,12/30/18 8:45 PM,0.0,4.4,93.0,4.0,4.7
84,12/30/18 9:00 PM,0.0,4.4,93.0,4.0,4.7
85,12/30/18 9:15 PM,0.0,3.9,10.0,2.7,4.7
86,12/30/18 9:30 PM,0.0,3.9,10.0,2.7,4.6
87,12/30/18 9:45 PM,0.0,3.9,10.0,2.7,4.6
88,12/30/18 10:00 PM,0.0,3.9,10.0,2.7,4.6
89,12/30/18 10:15 PM,0.0,4.4,97.0,2.2,4.6
90,12/30/18 10:30 PM,0.0,4.4,97.0,2.2,4.6
91,12/30/18 10:45 PM,0.0,4.4,97.0,2.2,4.6
92,12/30/18 11:00 PM,0.0,4.4,97.0,2.2,4.6
93,12/30/18 11:15 PM,0.0,4.4,93.0,5.8,4.6
94,12/30/18 11:30 PM,0.0,4.4,93.0,5.8,4.6
95,12/30/18 11:45 PM,0.0,4.4,93.0,5.8,4.6
96,12/31/18 12:00 AM,0.0,4.4,93.0,5.8,4.6
97,12/31/18 12:15 AM,0.0,4.4,97.0,4.0,4.5
98,12/31/18 12:30 AM,0.0,4.4,97.0,4.0,4.5
99,12/31/18 12:45 AM,0.0,4.4,97.0,4.0,4.5
100,12/31/18 1:00 AM,0.0,4.4,97.0,4.0,4.6
101,12/31/18 1:15 AM,0.0,5.0,93.0,2.7,4.6
102,12/31/18 1:30 AM,0.0,5.0,93.0,2.7,4.5
103,12/31/18 1:45 AM,0.0,5.0,93.0,2.7,4.5
104,12/31/18 2:00 AM,0.0,5.0,93.0,2.7,4.5
105,12/31/18 2:15 AM,0.0,4.4,93.0,3.1,4.5
106,12/31/18 2:30 AM,0.0,4.4,93.0,3.1,4.5
107,12/31/18 2:45 AM,0.0,4.4,93.0,3.1,4.5
108,12/31/18 3:00 AM,0.0,4.4,93.0,3.1,4.5
109,12/31/18 3:15 AM,0.0,5.0,96.0,4.0,4.5
110,12/31/18 3:30 AM,0.0,5.0,96.0,4.0,4.5
111,12/31/18 3:45 AM,0.0,5.0,96.0,4.0,4.5
112,12/31/18 4:00 AM,0.0,5.0,96.0,4.0,4.5
113,12/31/18 4:15 AM,0.0,6.7,89.0,5.4,4.5
114,12/31/18 4:30 AM,0.0,6.7,89.0,5.4,4.5
115,12/31/18 4:45 AM,0.0,6.7,89.0,5.4,4.5
116,12/31/18 5:00 AM,0.0,6.7,89.0,5.4,4.5
117,12/31/18 5:15 AM,0.0,10.0,71.0,7.6,4.5
118,12/31/18 5:30 AM,0.0,10.0,71.0,7.6,4.4
119,12/31/18 5:45 AM,0.0,10.0,71.0,7.6,4.4
120,12/31/18 6:00 AM,0.0,10.0,71.0,7.6,4.3
121,12/31/18 6:15 AM,0.0,12.2,57.0,6.7,4.2
122,12/31/18 6:30 AM,0.0,12.2,57.0,6.7,4.3
123,12/31/18 6:45 AM,0.0,12.2,57.0,6.7,4.3
124,12/31/18 7:00 AM,0.0,12.2,57.0,6.7,4.3
125,12/31/18 7:15 AM,0.0,13.9,47.0,5.8,4.1
126,12/31/18 7:30 AM,30.0,13.9,47.0,5.8,4.0
127,12/31/18 7:45 AM,30.0,13.9,47.0,5.8,3.8
128,12/31/18 8:00 AM,172.0,13.9,47.0,5.8,3.7
129,12/31/18 8:15 AM,172.0,15.0,42.0,5.8,3.6
130,12/31/18 8:30 AM,336.0,15.0,42.0,5.8,3.6
131,12/31/18 8:45 AM,336.0,15.0,42.0,5.8,3.6
132,12/31/18 9:00 AM,451.0,15.0,42.0,5.8,3.6
133,12/31/18 9:15 AM,451.0,15.6,41.0,5.8,3.7
134,12/31/18 9:30 AM,515.0,15.6,41.0,5.8,3.9
135,12/31/18 9:45 AM,515.0,15.6,41.0,5.8,4.2
136,12/31/18 10:00 AM,424.0,15.6,41.0,5.8,4.5
137,12/31/18 10:15 AM,424.0,16.1,39.0,4.5,4.9
138,12/31/18 10:30 AM,597.0,16.1,39.0,4.5,5.4
139,12/31/18 10:45 AM,597.0,16.1,39.0,4.5,6.0
140,12/31/18 11:00 AM,593.0,16.1,39.0,4.5,6.4
141,12/31/18 11:15 AM,593.0,15.6,41.0,3.6,6.8
142,12/31/18 11:30 AM,552.0,15.6,41.0,3.6,7.3
143,12/31/18 11:45 AM,552.0,15.6,41.0,3.6,7.8
144,12/31/18 12:00 PM,706.0,15.6,41.0,3.6,8.2
145,12/31/18 12:15 PM,706.0,13.9,47.0,3.1,8.6
146,12/31/18 12:30 PM,611.0,13.9,47.0,3.1,8.9
147,12/31/18 12:45 PM,611.0,13.9,47.0,3.1,9.3
148,12/31/18 1:00 PM,631.0,13.9,47.0,3.1,9.6
149,12/31/18 1:15 PM,631.0,13.3,47.0,4.5,9.9
150,12/31/18 1:30 PM,639.0,13.3,47.0,4.5,10.2
151,12/31/18 1:45 PM,639.0,13.3,47.0,4.5,10.4
152,12/31/18 2:00 PM,625.0,13.3,47.0,4.5,10.7
153,12/31/18 2:15 PM,625.0,11.1,54.0,4.5,10.8
154,12/31/18 2:30 PM,650.0,11.1,54.0,4.5,11.1
155,12/31/18 2:45 PM,650.0,11.1,54.0,4.5,11.2
156,12/31/18 3:00 PM,532.0,11.1,54.0,4.5,11.3
157,12/31/18 3:15 PM,532.0,10.0,57.0,5.8,11.5
158,12/31/18 3:30 PM,667.0,10.0,57.0,5.8,11.6
159,12/31/18 3:45 PM,667.0,10.0,57.0,5.8,11.7
160,12/31/18 4:00 PM,756.0,10.0,57.0,5.8,11.8
161,12/31/18 4:15 PM,756.0,8.3,63.0,5.8,11.8
162,12/31/18 4:30 PM,647.0,8.3,63.0,5.8,11.8
163,12/31/18 4:45 PM,647.0,8.3,63.0,5.8,11.8
164,12/31/18 5:00 PM,460.0,8.3,63.0,5.8,11.8
165,12/31/18 5:15 PM,460.0,6.1,76.0,3.6,11.7
166,12/31/18 5:30 PM,110.0,6.1,76.0,3.6,11.5
167,12/31/18 5:45 PM,110.0,6.1,76.0,3.6,11.3
168,12/31/18 6:00 PM,0.0,14.9,76.0,3.6,11.1
169,12/31/18 6:15 PM,0.0,14.2,76.0,6.7,10.9
170,12/31/18 6:30 PM,0.0,13.2,76.0,6.7,10.7
171,12/31/18 6:45 PM,0.0,11.8,76.0,6.7,10.5
172,12/31/18 7:00 PM,0.0,10.5,76.0,6.7,10.3
173,12/31/18 7:15 PM,0.0,10.1,82.0,6.3,10.1
174,12/31/18 7:30 PM,0.0,9.7,82.0,6.3,9.9
175,12/31/18 7:45 PM,0.0,9.1,82.0,6.3,9.7
176,12/31/18 8:00 PM,0.0,9.3,82.0,6.3,9.5
177,12/31/18 8:15 PM,0.0,9.4,79.0,7.6,9.4
178,12/31/18 8:30 PM,0.0,10.6,79.0,7.6,9.2
179,12/31/18 8:45 PM,0.0,10.2,79.0,7.6,9.0
180,12/31/18 9:00 PM,0.0,10.0,79.0,7.6,8.9
181,12/31/18 9:15 PM,0.0,10.0,79.0,7.6,8.7
182,12/31/18 9:30 PM,0.0,9.6,79.0,7.6,8.5
183,12/31/18 9:45 PM,0.0,9.0,79.0,7.6,8.4
184,12/31/18 10:00 PM,0.0,9.4,79.0,7.6,8.2
185,12/31/18 10:15 PM,0.0,9.1,79.0,7.6,8.0
186,12/31/18 10:30 PM,0.0,8.7,79.0,7.6,7.9
187,12/31/18 10:45 PM,0.0,8.2,79.0,7.6,7.7
188,12/31/18 11:00 PM,0.0,7.8,79.0,7.6,7.6
189,12/31/18 11:15 PM,0.0,7.9,82.0,5.8,7.4
190,12/31/18 11:30 PM,0.0,7.5,82.0,5.8,7.3
191,12/31/18 11:45 PM,0.0,7.1,82.0,5.8,7.1
192,1/1/19 12:00 AM,0.0,6.8,82.0,5.8,7.0
193,1/1/19 12:15 AM,0.0,6.7,79.0,6.7,6.8
194,1/1/19 12:30 AM,0.0,6.4,79.0,6.7,6.7
195,1/1/19 12:45 AM,0.0,6.3,79.0,6.7,6.5
196,1/1/19 1:00 AM,0.0,6.3,79.0,6.7,6.4
197,1/1/19 1:15 AM,0.0,6.2,79.0,7.2,6.2
198,1/1/19 1:30 AM,0.0,5.9,79.0,7.2,6.1
199,1/1/19 1:45 AM,0.0,5.6,79.0,7.2,5.9
200,1/1/19 2:00 AM,0.0,5.4,79.0,7.2,5.8
201,1/1/19 2:15 AM,0.0,5.2,76.0,7.6,5.7
202,1/1/19 2:30 AM,0.0,5.0,76.0,7.6,5.7
203,1/1/19 2:45 AM,0.0,4.8,76.0,7.6,5.7
204,1/1/19 3:00 AM,0.0,4.9,76.0,7.6,5.7
205,1/1/19 3:15 AM,0.0,5.1,76.0,7.6,5.7
206,1/1/19 3:30 AM,0.0,5.2,76.0,7.6,5.7
207,1/1/19 3:45 AM,0.0,5.2,76.0,7.6,5.7
208,1/1/19 4:00 AM,0.0,5.2,76.0,7.6,5.6
209,1/1/19 4:15 AM,0.0,5.0,76.0,6.7,5.6
210,1/1/19 4:30 AM,0.0,4.7,76.0,6.7,5.5
211,1/1/19 4:45 AM,0.0,4.6,76.0,6.7,5.5
212,1/1/19 5:00 AM,0.0,4.5,76.0,6.7,5.4
213,1/1/19 5:15 AM,0.0,4.3,73.0,7.2,5.3
214,1/1/19 5:30 AM,0.0,4.1,73.0,7.2,5.3
215,1/1/19 5:45 AM,0.0,4.0,73.0,7.2,5.2
216,1/1/19 6:00 AM,0.0,4.0,73.0,7.2,5.1
217,1/1/19 6:15 AM,0.0,3.9,76.0,6.7,5.1
218,1/1/19 6:30 AM,0.0,3.9,76.0,6.7,5.0
219,1/1/19 6:45 AM,0.0,3.8,76.0,6.7,4.9
220,1/1/19 7:00 AM,0.0,3.7,76.0,6.7,4.9
221,1/1/19 7:15 AM,0.0,3.6,70.0,6.3,4.8
222,1/1/19 7:30 AM,46.0,3.6,70.0,6.3,4.7
223,1/1/19 7:45 AM,46.0,3.6,70.0,6.3,4.7
224,1/1/19 8:00 AM,335.0,3.6,70.0,6.3,4.6
225,1/1/19 8:15 AM,335.0,3.5,73.0,6.7,4.6
226,1/1/19 8:30 AM,545.0,3.5,73.0,6.7,4.5
227,1/1/19 8:45 AM,545.0,3.4,73.0,6.7,4.5
228,1/1/19 9:00 AM,251.0,3.4,73.0,6.7,4.5
229,1/1/19 9:15 AM,251.0,3.5,73.0,7.2,4.5
230,1/1/19 9:30 AM,9.0,3.5,73.0,7.2,4.5
231,1/1/19 9:45 AM,9.0,3.6,73.0,7.2,4.5
232,1/1/19 10:00 AM,0.0,3.6,73.0,7.2,4.6
233,1/1/19 10:15 AM,0.0,3.7,73.0,6.7,4.6
234,1/1/19 10:30 AM,6.0,3.6,73.0,6.7,4.7
235,1/1/19 10:45 AM,6.0,3.9,73.0,6.7,4.7
236,1/1/19 11:00 AM,1.0,4.1,73.0,6.7,4.8
237,1/1/19 11:15 AM,1.0,3.9,73.0,5.8,4.9
238,1/1/19 11:30 AM,4.0,4.0,73.0,5.8,5.0
239,1/1/19 11:45 AM,4.0,4.1,73.0,5.8,5.0
240,1/1/19 12:00 PM,10.0,4.4,73.0,5.8,5.0
241,1/1/19 12:15 PM,10.0,4.3,73.0,5.8,5.1
242,1/1/19 12:30 PM,6.0,4.3,73.0,5.8,5.2
243,1/1/19 12:45 PM,6.0,4.0,73.0,5.8,5.2
244,1/1/19 1:00 PM,21.0,4.0,73.0,5.8,5.4
245,1/1/19 1:15 PM,21.0,4.1,73.0,4.5,5.6
246,1/1/19 1:30 PM,41.0,4.0,73.0,4.5,5.7
247,1/1/19 1:45 PM,41.0,4.5,73.0,4.5,5.8
248,1/1/19 2:00 PM,39.0,5.5,73.0,4.5,5.9
249,1/1/19 2:15 PM,39.0,4.9,73.0,5.4,5.9
250,1/1/19 2:30 PM,28.0,5.0,73.0,5.4,5.9
251,1/1/19 2:45 PM,28.0,4.5,73.0,5.4,5.9
252,1/1/19 3:00 PM,20.0,4.5,73.0,5.4,6.0
253,1/1/19 3:15 PM,20.0,4.5,73.0,5.8,6.0
254,1/1/19 3:30 PM,15.0,4.5,73.0,5.8,6.0
255,1/1/19 3:45 PM,15.0,4.8,73.0,5.8,5.9
256,1/1/19 4:00 PM,12.0,4.7,73.0,5.8,5.8
257,1/1/19 4:15 PM,12.0,4.3,72.0,5.4,5.7
258,1/1/19 4:30 PM,3.0,4.1,72.0,5.4,5.6
259,1/1/19 4:45 PM,3.0,4.1,72.0,5.4,5.6
260,1/1/19 5:00 PM,0.0,3.8,72.0,5.4,5.5
261,1/1/19 5:15 PM,0.0,3.7,72.0,4.5,5.4
262,1/1/19 5:30 PM,10.0,3.6,72.0,4.5,5.3
263,1/1/19 5:45 PM,10.0,3.3,72.0,4.5,5.1
264,1/1/19 6:00 PM,0.0,3.2,72.0,4.5,5.0
265,1/1/19 6:15 PM,0.0,3.0,72.0,4.0,4.9
266,1/1/19 6:30 PM,0.0,2.8,72.0,4.0,4.8
267,1/1/19 6:45 PM,0.0,2.6,72.0,4.0,4.7
268,1/1/19 7:00 PM,0.0,2.7,72.0,4.0,4.6
269,1/1/19 7:15 PM,0.0,2.6,72.0,5.4,4.5
270,1/1/19 7:30 PM,0.0,2.5,72.0,5.4,4.4
271,1/1/19 7:45 PM,0.0,2.5,72.0,5.4,4.3
272,1/1/19 8:00 PM,0.0,2.4,72.0,5.4,4.3
273,1/1/19 8:15 PM,0.0,2.3,73.0,5.8,4.2
274,1/1/19 8:30 PM,0.0,2.2,73.0,5.8,4.1
275,1/1/19 8:45 PM,0.0,2.2,73.0,5.8,4.0
276,1/1/19 9:00 PM,0.0,2.1,73.0,5.8,4.0
277,1/1/19 9:15 PM,0.0,2.1,73.0,5.4,3.9
278,1/1/19 9:30 PM,0.0,2.1,73.0,5.4,3.9
279,1/1/19 9:45 PM,0.0,2.0,73.0,5.4,3.8
280,1/1/19 10:00 PM,0.0,2.1,73.0,5.4,3.8
281,1/1/19 10:15 PM,0.0,2.1,75.0,4.5,3.7
282,1/1/19 10:30 PM,0.0,2.1,75.0,4.5,3.7
283,1/1/19 10:45 PM,0.0,2.1,75.0,4.5,3.6
284,1/1/19 11:00 PM,0.0,2.1,75.0,4.5,3.5
285,1/1/19 11:15 PM,0.0,2.1,78.0,4.5,3.5
286,1/1/19 11:30 PM,0.0,2.0,78.0,4.5,3.4
287,1/1/19 11:45 PM,0.0,1.9,78.0,4.5,3.4
288,1/2/19 12:00 AM,0.0,2.0,78.0,4.5,3.4
289,1/2/19 12:15 AM,0.0,1.9,85.0,4.0,3.3
290,1/2/19 12:30 AM,0.0,2.0,85.0,4.0,3.3
291,1/2/19 12:45 AM,0.0,2.0,85.0,4.0,3.2
292,1/2/19 1:00 AM,0.0,1.9,85.0,4.0,3.2
293,1/2/19 1:15 AM,0.0,1.7,88.0,5.8,3.1
294,1/2/19 1:30 AM,0.0,1.7,88.0,5.8,3.1
295,1/2/19 1:45 AM,0.0,1.7,88.0,5.8,3.0
296,1/2/19 2:00 AM,0.0,1.6,88.0,5.8,3.0
297,1/2/19 2:15 AM,0.0,1.5,92.0,4.5,2.9
298,1/2/19 2:30 AM,0.0,1.5,92.0,4.5,2.9
299,1/2/19 2:45 AM,0.0,1.5,92.0,4.5,2.8
300,1/2/19 3:00 AM,0.0,1.4,92.0,4.5,2.8
301,1/2/19 3:15 AM,0.0,1.4,92.0,6.3,2.8
302,1/2/19 3:30 AM,0.0,1.3,92.0,6.3,2.7
303,1/2/19 3:45 AM,0.0,1.2,92.0,6.3,2.7
304,1/2/19 4:00 AM,0.0,1.3,92.0,6.3,2.6
305,1/2/19 4:15 AM,0.0,1.3,92.0,4.0,2.6
306,1/2/19 4:30 AM,0.0,1.2,92.0,4.0,2.5
307,1/2/19 4:45 AM,0.0,1.1,92.0,4.0,2.5
308,1/2/19 5:00 AM,0.0,1.1,92.0,4.0,2.4
309,1/2/19 5:15 AM,0.0,1.1,92.0,5.4,2.3
310,1/2/19 5:30 AM,0.0,1.0,92.0,5.4,2.2
311,1/2/19 5:45 AM,0.0,0.8,92.0,5.4,2.1
312,1/2/19 6:00 AM,0.0,0.5,92.0,5.4,2.0
313,1/2/19 6:15 AM,0.0,0.0,92.0,4.0,1.9
314,1/2/19 6:30 AM,0.0,-0.1,92.0,4.0,1.9
315,1/2/19 6:45 AM,0.0,0.1,92.0,4.0,1.8
316,1/2/19 7:00 AM,0.0,0.3,92.0,4.0,1.8
317,1/2/19 7:15 AM,0.0,0.3,96.0,5.4,1.7
318,1/2/19 7:30 AM,4.0,0.3,96.0,5.4,1.7
319,1/2/19 7:45 AM,4.0,0.2,96.0,5.4,1.6
320,1/2/19 8:00 AM,0.0,0.2,96.0,5.4,1.6
321,1/2/19 8:15 AM,0.0,0.0,92.0,4.5,1.5
322,1/2/19 8:30 AM,0.0,0.0,92.0,4.5,1.5
323,1/2/19 8:45 AM,0.0,0.0,92.0,4.5,1.4
324,1/2/19 9:00 AM,0.0,0.1,92.0,4.5,1.4
325,1/2/19 9:15 AM,0.0,0.0,92.0,4.5,1.3
326,1/2/19 9:30 AM,0.0,0.0,92.0,4.5,1.3
327,1/2/19 9:45 AM,0.0,0.0,92.0,4.5,1.3
328,1/2/19 10:00 AM,0.0,0.0,92.0,4.5,1.3
329,1/2/19 10:15 AM,0.0,0.1,92.0,3.6,1.3
330,1/2/19 10:30 AM,0.0,0.2,92.0,3.6,1.3
331,1/2/19 10:45 AM,0.0,0.4,92.0,3.6,1.3
332,1/2/19 11:00 AM,0.0,0.4,92.0,3.6,1.3
333,1/2/19 11:15 AM,0.0,0.5,92.0,5.8,1.4
334,1/2/19 11:30 AM,0.0,0.5,92.0,5.8,1.4
335,1/2/19 11:45 AM,0.0,0.6,92.0,5.8,1.4
336,1/2/19 12:00 PM,0.0,0.6,92.0,5.8,1.5
337,1/2/19 12:15 PM,0.0,0.7,96.0,7.2,1.5
338,1/2/19 12:30 PM,0.0,0.7,96.0,7.2,1.5
339,1/2/19 12:45 PM,0.0,0.7,96.0,7.2,1.6
340,1/2/19 1:00 PM,0.0,0.8,96.0,7.2,1.6
341,1/2/19 1:15 PM,0.0,0.8,96.0,4.0,1.7
342,1/2/19 1:30 PM,0.0,1.1,96.0,4.0,1.7
343,1/2/19 1:45 PM,0.0,1.1,96.0,4.0,1.7
344,1/2/19 2:00 PM,0.0,0.9,96.0,4.0,1.7
345,1/2/19 2:15 PM,0.0,1.0,96.0,4.5,1.7
346,1/2/19 2:30 PM,0.0,1.0,96.0,4.5,1.7
347,1/2/19 2:45 PM,0.0,1.0,96.0,4.5,1.7
348,1/2/19 3:00 PM,0.0,1.0,96.0,4.5,1.7
349,1/2/19 3:15 PM,0.0,1.1,92.0,4.5,1.7
350,1/2/19 3:30 PM,0.0,1.2,92.0,4.5,1.7
351,1/2/19 3:45 PM,0.0,1.2,92.0,4.5,1.8
352,1/2/19 4:00 PM,0.0,1.3,92.0,4.5,1.8
353,1/2/19 4:15 PM,0.0,1.3,96.0,4.5,1.8
354,1/2/19 4:30 PM,0.0,1.4,96.0,4.5,1.8
355,1/2/19 4:45 PM,0.0,1.6,96.0,4.5,1.8
356,1/2/19 5:00 PM,0.0,1.5,96.0,4.5,1.8
357,1/2/19 5:15 PM,0.0,1.6,96.0,4.0,1.8
358,1/2/19 5:30 PM,4.0,1.6,96.0,4.0,1.7
359,1/2/19 5:45 PM,4.0,1.6,96.0,4.0,1.7
360,1/2/19 6:00 PM,0.0,1.3,96.0,4.0,1.7
361,1/2/19 6:15 PM,0.0,1.2,96.0,3.6,1.7
362,1/2/19 6:30 PM,0.0,1.2,96.0,3.6,1.6
363,1/2/19 6:45 PM,0.0,1.1,96.0,3.6,1.6
364,1/2/19 7:00 PM,0.0,1.1,96.0,3.6,1.6
365,1/2/19 7:15 PM,0.0,1.1,96.0,4.0,1.6
366,1/2/19 7:30 PM,0.0,1.1,96.0,4.0,1.6
367,1/2/19 7:45 PM,0.0,1.3,96.0,4.0,1.6
368,1/2/19 8:00 PM,0.0,1.3,96.0,4.0,1.6
369,1/2/19 8:15 PM,0.0,1.3,96.0,5.4,1.6
370,1/2/19 8:30 PM,0.0,1.3,96.0,5.4,1.6
371,1/2/19 8:45 PM,0.0,1.4,96.0,5.4,1.6
372,1/2/19 9:00 PM,0.0,1.4,96.0,5.4,1.6
373,1/2/19 9:15 PM,0.0,1.5,96.0,5.4,1.6
374,1/2/19 9:30 PM,0.0,1.5,96.0,5.4,1.6
375,1/2/19 9:45 PM,0.0,1.6,96.0,5.4,1.6
376,1/2/19 10:00 PM,0.0,1.6,96.0,5.4,1.6
377,1/2/19 10:15 PM,0.0,1.7,96.0,4.5,1.6
378,1/2/19 10:30 PM,0.0,1.6,96.0,4.5,1.6
379,1/2/19 10:45 PM,0.0,1.5,96.0,4.5,1.6
380,1/2/19 11:00 PM,0.0,1.5,96.0,4.5,1.6
381,1/2/19 11:15 PM,0.0,1.6,92.0,5.8,1.6
382,1/2/19 11:30 PM,0.0,1.7,92.0,5.8,1.6
383,1/2/19 11:45 PM,0.0,1.7,92.0,5.8,1.6
384,1/3/19 12:00 AM,0.0,1.7,92.0,5.8,1.7
385,1/3/19 12:15 AM,0.0,1.8,96.0,3.6,1.7
386,1/3/19 12:30 AM,0.0,1.9,96.0,3.6,1.7
387,1/3/19 12:45 AM,0.0,1.9,96.0,3.6,1.7
388,1/3/19 1:00 AM,0.0,1.8,96.0,3.6,1.7
389,1/3/19 1:15 AM,0.0,1.6,97.0,3.6,1.7
390,1/3/19 1:30 AM,0.0,1.6,97.0,3.6,1.7
391,1/3/19 1:45 AM,0.0,1.6,97.0,3.6,1.7
392,1/3/19 2:00 AM,0.0,1.6,97.0,3.6,1.7
393,1/3/19 2:15 AM,0.0,1.5,96.0,2.2,1.7
394,1/3/19 2:30 AM,0.0,1.6,96.0,2.2,1.7
395,1/3/19 2:45 AM,0.0,1.6,96.0,2.2,1.7
396,1/3/19 3:00 AM,0.0,1.5,96.0,2.2,1.7
397,1/3/19 3:15 AM,0.0,1.6,93.0,4.0,1.7
398,1/3/19 3:30 AM,0.0,1.6,93.0,4.0,1.7
399,1/3/19 3:45 AM,0.0,1.7,93.0,4.0,1.7
400,1/3/19 4:00 AM,0.0,1.7,93.0,4.0,1.7
401,1/3/19 4:15 AM,0.0,1.6,93.0,5.8,1.7
402,1/3/19 4:30 AM,0.0,1.6,93.0,5.8,1.7
403,1/3/19 4:45 AM,0.0,1.6,93.0,5.8,1.7
404,1/3/19 5:00 AM,0.0,1.6,93.0,5.8,1.7
405,1/3/19 5:15 AM,0.0,1.6,93.0,6.3,1.7
406,1/3/19 5:30 AM,0.0,1.5,93.0,6.3,1.8
407,1/3/19 5:45 AM,0.0,1.6,93.0,6.3,1.8
408,1/3/19 6:00 AM,0.0,1.8,93.0,6.3,1.8
409,1/3/19 6:15 AM,0.0,1.9,93.0,5.4,1.8
410,1/3/19 6:30 AM,0.0,2.0,93.0,5.4,1.8
411,1/3/19 6:45 AM,0.0,2.1,93.0,5.4,1.9
412,1/3/19 7:00 AM,0.0,2.1,93.0,5.4,1.9
413,1/3/19 7:15 AM,0.0,2.2,93.0,2.7,1.9
414,1/3/19 7:30 AM,5.0,2.3,93.0,2.7,1.9
415,1/3/19 7:45 AM,5.0,2.4,93.0,2.7,2.0
416,1/3/19 8:00 AM,20.0,2.4,93.0,2.7,2.0
417,1/3/19 8:15 AM,20.0,2.6,89.0,3.6,2.0
418,1/3/19 8:30 AM,51.0,2.6,89.0,3.6,2.1
419,1/3/19 8:45 AM,51.0,2.7,89.0,3.6,2.2
420,1/3/19 9:00 AM,30.0,2.7,89.0,3.6,2.2
421,1/3/19 9:15 AM,30.0,2.7,89.0,4.5,2.3
422,1/3/19 9:30 AM,9.0,2.8,89.0,4.5,2.3
423,1/3/19 9:45 AM,9.0,2.8,89.0,4.5,2.4
424,1/3/19 10:00 AM,39.0,2.6,89.0,4.5,2.5
425,1/3/19 10:15 AM,39.0,2.6,89.0,6.3,2.7
426,1/3/19 10:30 AM,24.0,2.5,89.0,6.3,2.8
427,1/3/19 10:45 AM,24.0,2.7,89.0,6.3,3.0
428,1/3/19 11:00 AM,0.0,3.2,89.0,6.3,3.1
429,1/3/19 11:15 AM,0.0,3.3,89.0,7.6,3.2
430,1/3/19 11:30 AM,0.0,3.2,89.0,7.6,3.3
431,1/3/19 11:45 AM,0.0,3.6,89.0,7.6,3.5
432,1/3/19 12:00 PM,0.0,3.4,89.0,7.6,3.7
433,1/3/19 12:15 PM,0.0,3.7,86.0,5.8,3.8
434,1/3/19 12:30 PM,4.0,3.6,86.0,5.8,4.0
435,1/3/19 12:45 PM,4.0,3.8,86.0,5.8,4.2
436,1/3/19 1:00 PM,0.0,3.8,86.0,5.8,4.3
437,1/3/19 1:15 PM,0.0,3.9,83.0,7.6,4.4
438,1/3/19 1:30 PM,0.0,4.1,83.0,7.6,4.4
439,1/3/19 1:45 PM,0.0,4.3,83.0,7.6,4.5
440,1/3/19 2:00 PM,0.0,4.2,83.0,7.6,4.7
441,1/3/19 2:15 PM,0.0,4.2,86.0,6.7,4.7
442,1/3/19 2:30 PM,0.0,4.0,86.0,6.7,4.9
443,1/3/19 2:45 PM,0.0,4.2,86.0,6.7,5.0
444,1/3/19 3:00 PM,0.0,4.2,86.0,6.7,5.0
445,1/3/19 3:15 PM,0.0,4.6,82.0,6.7,5.0
446,1/3/19 3:30 PM,0.0,4.9,82.0,6.7,5.0
447,1/3/19 3:45 PM,0.0,4.7,82.0,6.7,5.0
448,1/3/19 4:00 PM,0.0,4.3,82.0,6.7,5.0
449,1/3/19 4:15 PM,0.0,4.5,86.0,5.8,4.9
450,1/3/19 4:30 PM,0.0,4.7,86.0,5.8,4.9
451,1/3/19 4:45 PM,0.0,4.5,86.0,5.8,4.8
452,1/3/19 5:00 PM,0.0,4.5,86.0,5.8,4.7
453,1/3/19 5:15 PM,0.0,4.4,89.0,6.3,4.7
454,1/3/19 5:30 PM,2.0,4.4,89.0,6.3,4.6
455,1/3/19 5:45 PM,2.0,4.4,89.0,6.3,4.5
456,1/3/19 6:00 PM,0.0,4.3,89.0,6.3,4.5
457,1/3/19 6:15 PM,0.0,4.2,86.0,7.2,4.4
458,1/3/19 6:30 PM,0.0,4.2,86.0,7.2,4.3
459,1/3/19 6:45 PM,0.0,4.0,86.0,7.2,4.1
460,1/3/19 7:00 PM,0.0,3.8,86.0,7.2,4.0
461,1/3/19 7:15 PM,0.0,3.4,86.0,6.7,3.8
462,1/3/19 7:30 PM,0.0,3.4,86.0,6.7,3.7
463,1/3/19 7:45 PM,0.0,3.1,86.0,6.7,3.6
464,1/3/19 8:00 PM,0.0,2.9,86.0,6.7,3.6
465,1/3/19 8:15 PM,0.0,2.7,86.0,5.8,3.5
466,1/3/19 8:30 PM,0.0,2.9,86.0,5.8,3.5
467,1/3/19 8:45 PM,0.0,3.1,86.0,5.8,3.5
468,1/3/19 9:00 PM,0.0,3.1,86.0,5.8,3.4
469,1/3/19 9:15 PM,0.0,3.2,86.0,7.6,3.4
470,1/3/19 9:30 PM,0.0,3.2,86.0,7.6,3.4
471,1/3/19 9:45 PM,0.0,3.1,86.0,7.6,3.4
472,1/3/19 10:00 PM,0.0,3.2,86.0,7.6,3.3
473,1/3/19 10:15 PM,0.0,3.2,93.0,7.2,3.3
474,1/3/19 10:30 PM,0.0,3.1,93.0,7.2,3.3
475,1/3/19 10:45 PM,0.0,3.0,93.0,7.2,3.2
476,1/3/19 11:00 PM,0.0,3.1,93.0,7.2,3.2
477,1/3/19 11:15 PM,0.0,3.1,89.0,5.8,3.1
478,1/3/19 11:30 PM,0.0,3.0,89.0,5.8,3.1
479,1/3/19 11:45 PM,0.0,3.0,89.0,5.8,3.1
480,1/4/19 12:00 AM,0.0,3.0,89.0,5.8,3.0
481,1/4/19 12:15 AM,0.0,3.0,86.0,7.2,3.0
482,1/4/19 12:30 AM,0.0,3.1,86.0,7.2,3.0
483,1/4/19 12:45 AM,0.0,3.1,86.0,7.2,2.9
484,1/4/19 1:00 AM,0.0,3.0,86.0,7.2,2.9
485,1/4/19 1:15 AM,0.0,3.0,89.0,4.5,2.9
486,1/4/19 1:30 AM,0.0,3.1,89.0,4.5,2.9
487,1/4/19 1:45 AM,0.0,3.1,89.0,4.5,2.9
488,1/4/19 2:00 AM,0.0,3.2,89.0,4.5,2.8
489,1/4/19 2:15 AM,0.0,3.2,86.0,6.7,2.8
490,1/4/19 2:30 AM,0.0,3.2,86.0,6.7,2.8
491,1/4/19 2:45 AM,0.0,3.2,86.0,6.7,2.8
492,1/4/19 3:00 AM,0.0,3.3,86.0,6.7,2.8
493,1/4/19 3:15 AM,0.0,3.3,73.0,5.4,2.8
494,1/4/19 3:30 AM,0.0,3.3,73.0,5.4,2.8
495,1/4/19 3:45 AM,0.0,3.4,73.0,5.4,2.8
496,1/4/19 4:00 AM,0.0,3.4,73.0,5.4,2.8
497,1/4/19 4:15 AM,0.0,3.4,65.0,5.8,2.8
498,1/4/19 4:30 AM,0.0,3.5,65.0,5.8,2.8
499,1/4/19 4:45 AM,0.0,3.6,65.0,5.8,2.8
500,1/4/19 5:00 AM,0.0,3.7,65.0,5.8,2.8
501,1/4/19 5:15 AM,0.0,3.6,59.0,6.3,2.8
502,1/4/19 5:30 AM,0.0,3.6,59.0,6.3,2.8
503,1/4/19 5:45 AM,0.0,3.6,59.0,6.3,2.8
504,1/4/19 6:00 AM,0.0,3.6,59.0,6.3,2.7
505,1/4/19 6:15 AM,0.0,3.7,50.0,5.4,2.6
506,1/4/19 6:30 AM,0.0,3.6,50.0,5.4,2.5
507,1/4/19 6:45 AM,0.0,3.5,50.0,5.4,2.4
508,1/4/19 7:00 AM,0.0,3.4,50.0,5.4,2.3
509,1/4/19 7:15 AM,0.0,3.2,41.0,4.0,2.2
510,1/4/19 7:30 AM,61.0,3.0,41.0,4.0,2.1
511,1/4/19 7:45 AM,61.0,2.9,41.0,4.0,2.0
512,1/4/19 8:00 AM,271.0,2.9,41.0,4.0,1.9
513,1/4/19 8:15 AM,271.0,2.8,33.0,4.0,1.8
514,1/4/19 8:30 AM,559.0,2.5,33.0,4.0,1.8
515,1/4/19 8:45 AM,559.0,2.3,33.0,4.0,1.9
516,1/4/19 9:00 AM,720.0,2.9,33.0,4.0,2.0
517,1/4/19 9:15 AM,720.0,3.5,35.0,5.4,2.3
518,1/4/19 9:30 AM,799.0,5.3,35.0,5.4,2.7
519,1/4/19 9:45 AM,799.0,6.8,35.0,5.4,3.0
520,1/4/19 10:00 AM,853.0,7.8,35.0,5.4,3.4
521,1/4/19 10:15 AM,853.0,8.3,32.0,4.0,3.9
522,1/4/19 10:30 AM,891.0,8.5,32.0,4.0,4.3
523,1/4/19 10:45 AM,891.0,9.3,32.0,4.0,4.8
524,1/4/19 11:00 AM,918.0,10.4,32.0,4.0,5.2
525,1/4/19 11:15 AM,918.0,11.9,33.0,1.3,5.7
526,1/4/19 11:30 AM,934.0,12.2,33.0,1.3,6.1
527,1/4/19 11:45 AM,934.0,12.8,33.0,1.3,6.6
528,1/4/19 12:00 PM,943.0,13.6,33.0,1.3,7.0
529,1/4/19 12:15 PM,943.0,14.2,36.0,0.0,7.4
530,1/4/19 12:30 PM,947.0,14.7,36.0,0.0,7.7
531,1/4/19 12:45 PM,947.0,15.5,36.0,0.0,8.1
532,1/4/19 1:00 PM,946.0,15.2,36.0,0.0,8.5
533,1/4/19 1:15 PM,946.0,15.4,43.0,0.0,8.8
534,1/4/19 1:30 PM,940.0,16.5,43.0,0.0,9.1
535,1/4/19 1:45 PM,940.0,16.8,43.0,0.0,9.4
536,1/4/19 2:00 PM,929.0,16.1,43.0,0.0,9.7
537,1/4/19 2:15 PM,929.0,16.6,50.0,0.0,10.0
538,1/4/19 2:30 PM,902.0,17.2,50.0,0.0,10.3
539,1/4/19 2:45 PM,902.0,17.8,50.0,0.0,10.6
540,1/4/19 3:00 PM,864.0,18.9,50.0,0.0,10.8
541,1/4/19 3:15 PM,864.0,19.1,50.0,0.0,11.0
542,1/4/19 3:30 PM,821.0,19.8,50.0,0.0,11.1
543,1/4/19 3:45 PM,821.0,19.0,50.0,0.0,11.1
544,1/4/19 4:00 PM,759.0,19.7,50.0,0.0,11.2
545,1/4/19 4:15 PM,759.0,20.0,67.0,3.1,11.2
546,1/4/19 4:30 PM,659.0,18.5,67.0,3.1,11.2
547,1/4/19 4:45 PM,659.0,18.6,67.0,3.1,11.2
548,1/4/19 5:00 PM,487.0,18.4,67.0,3.1,11.1
549,1/4/19 5:15 PM,487.0,18.4,54.0,1.3,10.9
550,1/4/19 5:30 PM,130.0,18.1,54.0,1.3,10.7
551,1/4/19 5:45 PM,130.0,18.2,54.0,1.3,10.5
552,1/4/19 6:00 PM,0.0,16.0,54.0,1.3,10.2
553,1/4/19 6:15 PM,0.0,13.7,77.0,3.6,10.0
554,1/4/19 6:30 PM,0.0,12.3,77.0,3.6,9.7
555,1/4/19 6:45 PM,0.0,10.6,77.0,3.6,9.5
556,1/4/19 7:00 PM,0.0,10.1,77.0,3.6,9.3
557,1/4/19 7:15 PM,0.0,8.6,77.0,3.1,9.1
558,1/4/19 7:30 PM,0.0,7.9,77.0,3.1,8.9
559,1/4/19 7:45 PM,0.0,7.5,77.0,3.1,8.7
560,1/4/19 8:00 PM,0.0,6.5,77.0,3.1,8.5
561,1/4/19 8:15 PM,0.0,5.7,79.0,0.0,8.3
562,1/4/19 8:30 PM,0.0,5.5,79.0,0.0,8.1
563,1/4/19 8:45 PM,0.0,5.2,79.0,0.0,7.9
564,1/4/19 9:00 PM,0.0,4.9,79.0,0.0,7.7
565,1/4/19 9:15 PM,0.0,4.2,73.0,0.0,7.5
566,1/4/19 9:30 PM,0.0,4.3,73.0,0.0,7.3
567,1/4/19 9:45 PM,0.0,3.9,73.0,0.0,7.1
568,1/4/19 10:00 PM,0.0,3.5,73.0,0.0,6.9
569,1/4/19 10:15 PM,0.0,3.2,79.0,1.3,6.8
570,1/4/19 10:30 PM,0.0,2.9,79.0,1.3,6.6
571,1/4/19 10:45 PM,0.0,3.0,79.0,1.3,6.4
572,1/4/19 11:00 PM,0.0,2.6,79.0,1.3,6.2
573,1/4/19 11:15 PM,0.0,2.4,79.0,2.2,6.0
574,1/4/19 11:30 PM,0.0,2.0,79.0,2.2,5.9
575,1/4/19 11:45 PM,0.0,2.2,79.0,2.2,5.7
576,1/5/19 12:00 AM,0.0,1.9,79.0,2.2,5.5
577,1/5/19 12:15 AM,0.0,1.7,82.0,2.7,5.4
578,1/5/19 12:30 AM,0.0,1.6,82.0,2.7,5.2
579,1/5/19 12:45 AM,0.0,1.7,82.0,2.7,5.1
580,1/5/19 1:00 AM,0.0,1.4,82.0,2.7,4.9
581,1/5/19 1:15 AM,0.0,1.8,89.0,2.2,4.8
582,1/5/19 1:30 AM,0.0,1.5,89.0,2.2,4.6
583,1/5/19 1:45 AM,0.0,1.2,89.0,2.2,4.5
584,1/5/19 2:00 AM,0.0,0.9,89.0,2.2,4.3
585,1/5/19 2:15 AM,0.0,0.7,86.0,0.0,4.2
586,1/5/19 2:30 AM,0.0,0.5,86.0,0.0,4.0
587,1/5/19 2:45 AM,0.0,0.7,86.0,0.0,3.9
588,1/5/19 3:00 AM,0.0,0.8,86.0,0.0,3.8
589,1/5/19 3:15 AM,0.0,0.5,76.0,0.0,3.6
590,1/5/19 3:30 AM,0.0,0.5,76.0,0.0,3.5
591,1/5/19 3:45 AM,0.0,0.4,76.0,0.0,3.4
592,1/5/19 4:00 AM,0.0,0.3,76.0,0.0,3.2
593,1/5/19 4:15 AM,0.0,0.1,64.0,1.3,3.1
594,1/5/19 4:30 AM,0.0,-0.1,64.0,1.3,3.0
595,1/5/19 4:45 AM,0.0,0.3,64.0,1.3,2.8
596,1/5/19 5:00 AM,0.0,0.0,64.0,1.3,2.7
597,1/5/19 5:15 AM,0.0,-0.3,53.0,2.2,2.6
598,1/5/19 5:30 AM,0.0,-0.2,53.0,2.2,2.5
599,1/5/19 5:45 AM,0.0,-0.2,53.0,2.2,2.3
600,1/5/19 6:00 AM,0.0,-0.4,53.0,2.2,2.2
601,1/5/19 6:15 AM,0.0,-0.5,37.0,2.2,2.1
602,1/5/19 6:30 AM,0.0,-0.4,37.0,2.2,2.0
603,1/5/19 6:45 AM,0.0,-0.5,37.0,2.2,1.9
604,1/5/19 7:00 AM,0.0,-0.1,37.0,2.2,1.8
605,1/5/19 7:15 AM,0.0,-0.3,32.0,0.0,1.7
606,1/5/19 7:30 AM,73.0,-0.5,32.0,0.0,1.6
607,1/5/19 7:45 AM,73.0,-0.4,32.0,0.0,1.5
608,1/5/19 8:00 AM,427.0,-0.4,32.0,0.0,1.4
609,1/5/19 8:15 AM,427.0,-0.4,31.0,2.2,1.3
610,1/5/19 8:30 AM,645.0,-0.4,31.0,2.2,1.3
611,1/5/19 8:45 AM,645.0,-0.5,31.0,2.2,1.3
612,1/5/19 9:00 AM,762.0,0.1,31.0,2.2,1.4
613,1/5/19 9:15 AM,762.0,0.5,32.0,2.7,1.6
614,1/5/19 9:30 AM,837.0,3.5,32.0,2.7,1.9
615,1/5/19 9:45 AM,837.0,8.8,32.0,2.7,2.3
616,1/5/19 10:00 AM,887.0,10.7,32.0,2.7,2.7
617,1/5/19 10:15 AM,887.0,12.5,30.0,4.0,3.1
618,1/5/19 10:30 AM,922.0,14.4,30.0,4.0,3.6
619,1/5/19 10:45 AM,922.0,16.0,30.0,4.0,4.2
620,1/5/19 11:00 AM,946.0,16.6,30.0,4.0,4.7
621,1/5/19 11:15 AM,946.0,16.1,37.0,4.0,5.3
622,1/5/19 11:30 AM,957.0,16.8,37.0,4.0,5.9
623,1/5/19 11:45 AM,957.0,18.0,37.0,4.0,6.4
624,1/5/19 12:00 PM,961.0,18.7,37.0,4.0,7.0
625,1/5/19 12:15 PM,961.0,20.3,44.0,3.6,7.6
626,1/5/19 12:30 PM,965.0,21.8,44.0,3.6,8.2
627,1/5/19 12:45 PM,965.0,22.9,44.0,3.6,8.7
628,1/5/19 1:00 PM,963.0,23.5,44.0,3.6,9.3
629,1/5/19 1:15 PM,963.0,24.4,51.0,3.6,9.8
630,1/5/19 1:30 PM,955.0,25.3,51.0,3.6,10.3
631,1/5/19 1:45 PM,955.0,24.0,51.0,3.6,10.8
632,1/5/19 2:00 PM,941.0,25.5,51.0,3.6,11.2
633,1/5/19 2:15 PM,941.0,26.0,53.0,4.5,11.7
634,1/5/19 2:30 PM,913.0,27.2,53.0,4.5,12.1
635,1/5/19 2:45 PM,913.0,27.1,53.0,4.5,12.4
636,1/5/19 3:00 PM,873.0,27.5,53.0,4.5,12.8
637,1/5/19 3:15 PM,873.0,26.7,66.0,3.6,12.8
638,1/5/19 3:30 PM,825.0,26.7,66.0,3.6,13.0
639,1/5/19 3:45 PM,825.0,26.1,66.0,3.6,13.3
640,1/5/19 4:00 PM,754.0,26.9,66.0,3.6,13.5
641,1/5/19 4:15 PM,754.0,26.2,66.0,4.0,13.6
642,1/5/19 4:30 PM,647.0,26.6,66.0,4.0,13.7
643,1/5/19 4:45 PM,647.0,27.3,66.0,4.0,13.7
644,1/5/19 5:00 PM,467.0,26.7,66.0,4.0,13.6
645,1/5/19 5:15 PM,467.0,25.8,66.0,2.7,13.5
646,1/5/19 5:30 PM,121.0,25.9,66.0,2.7,13.4
647,1/5/19 5:45 PM,121.0,24.9,66.0,2.7,13.2
648,1/5/19 6:00 PM,0.0,21.3,66.0,2.7,13.0
649,1/5/19 6:15 PM,0.0,18.3,63.0,2.7,12.8
650,1/5/19 6:30 PM,0.0,17.1,63.0,2.7,12.6
651,1/5/19 6:45 PM,0.0,15.6,63.0,2.7,12.4
652,1/5/19 7:00 PM,0.0,14.5,63.0,2.7,12.2
653,1/5/19 7:15 PM,0.0,14.2,66.0,3.6,12.0
654,1/5/19 7:30 PM,0.0,13.3,66.0,3.6,11.9
655,1/5/19 7:45 PM,0.0,12.7,66.0,3.6,11.7
656,1/5/19 8:00 PM,0.0,12.1,66.0,3.6,11.5
657,1/5/19 8:15 PM,0.0,10.9,68.0,3.6,11.3
658,1/5/19 8:30 PM,0.0,10.3,68.0,3.6,11.1
659,1/5/19 8:45 PM,0.0,9.7,68.0,3.6,11.0
660,1/5/19 9:00 PM,0.0,10.0,68.0,3.6,10.8
661,1/5/19 9:15 PM,0.0,9.8,68.0,3.1,10.7
662,1/5/19 9:30 PM,0.0,9.5,68.0,3.1,10.5
663,1/5/19 9:45 PM,0.0,9.5,68.0,3.1,10.3
664,1/5/19 10:00 PM,0.0,9.2,68.0,3.1,10.2
665,1/5/19 10:15 PM,0.0,8.8,76.0,2.7,10.0
666,1/5/19 10:30 PM,0.0,8.5,76.0,2.7,9.8
667,1/5/19 10:45 PM,0.0,8.5,76.0,2.7,9.7
668,1/5/19 11:00 PM,0.0,8.9,76.0,2.7,9.5
669,1/5/19 11:15 PM,0.0,7.5,71.0,3.6,9.4
670,1/5/19 11:30 PM,0.0,7.6,71.0,3.6,9.2
671,1/5/19 11:45 PM,0.0,8.2,71.0,3.6,9.0
672,1/6/19 12:00 AM,0.0,8.0,71.0,3.6,8.9
673,1/6/19 12:15 AM,0.0,7.3,76.0,3.6,8.7
674,1/6/19 12:30 AM,0.0,7.2,76.0,3.6,8.6
675,1/6/19 12:45 AM,0.0,6.8,76.0,3.6,8.4
676,1/6/19 1:00 AM,0.0,6.6,76.0,3.6,8.3
677,1/6/19 1:15 AM,0.0,6.5,71.0,5.4,8.1
678,1/6/19 1:30 AM,0.0,6.5,71.0,5.4,8.0
679,1/6/19 1:45 AM,0.0,5.7,71.0,5.4,7.8
680,1/6/19 2:00 AM,0.0,6.4,71.0,5.4,7.7
681,1/6/19 2:15 AM,0.0,6.1,71.0,4.0,7.5
682,1/6/19 2:30 AM,0.0,5.8,71.0,4.0,7.4
683,1/6/19 2:45 AM,0.0,5.8,71.0,4.0,7.3
684,1/6/19 3:00 AM,0.0,5.8,71.0,4.0,7.1
685,1/6/19 3:15 AM,0.0,5.9,66.0,4.5,7.0
686,1/6/19 3:30 AM,0.0,6.0,66.0,4.5,6.9
687,1/6/19 3:45 AM,0.0,5.8,66.0,4.5,6.8
688,1/6/19 4:00 AM,0.0,7.5,66.0,4.5,6.6
689,1/6/19 4:15 AM,0.0,6.3,59.0,6.3,6.5
690,1/6/19 4:30 AM,0.0,6.8,59.0,6.3,6.4
691,1/6/19 4:45 AM,0.0,6.0,59.0,6.3,6.2
692,1/6/19 5:00 AM,0.0,5.5,59.0,6.3,6.1
693,1/6/19 5:15 AM,0.0,4.6,60.0,8.0,6.0
694,1/6/19 5:30 AM,0.0,4.8,60.0,8.0,5.8
695,1/6/19 5:45 AM,0.0,4.7,60.0,8.0,5.7
696,1/6/19 6:00 AM,0.0,4.1,60.0,8.0,5.6
697,1/6/19 6:15 AM,0.0,3.6,62.0,7.6,5.5
698,1/6/19 6:30 AM,0.0,3.9,62.0,7.6,5.4
699,1/6/19 6:45 AM,0.0,4.7,62.0,7.6,5.3
700,1/6/19 7:00 AM,0.0,4.3,62.0,7.6,5.2
701,1/6/19 7:15 AM,0.0,4.1,56.0,9.8,5.1
702,1/6/19 7:30 AM,36.0,4.7,56.0,9.8,5.0
703,1/6/19 7:45 AM,36.0,3.9,56.0,9.8,5.0
704,1/6/19 8:00 AM,227.0,3.9,56.0,9.8,4.9
705,1/6/19 8:15 AM,227.0,4.2,57.0,10.3,5.0
706,1/6/19 8:30 AM,366.0,4.4,57.0,10.3,5.0
707,1/6/19 8:45 AM,366.0,6.0,57.0,10.3,5.1
708,1/6/19 9:00 AM,548.0,7.5,57.0,10.3,5.2
709,1/6/19 9:15 AM,548.0,8.5,68.0,8.0,5.3
710,1/6/19 9:30 AM,712.0,9.5,68.0,8.0,5.6
711,1/6/19 9:45 AM,712.0,9.8,68.0,8.0,5.9
712,1/6/19 10:00 AM,472.0,12.2,68.0,8.0,6.4
713,1/6/19 10:15 AM,472.0,13.4,78.0,10.7,6.8
714,1/6/19 10:30 AM,277.0,15.9,78.0,10.7,7.2
715,1/6/19 10:45 AM,277.0,17.2,78.0,10.7,7.4
716,1/6/19 11:00 AM,388.0,18.0,78.0,10.7,7.9
717,1/6/19 11:15 AM,388.0,17.4,78.0,6.3,8.4
718,1/6/19 11:30 AM,623.0,15.4,78.0,6.3,8.9
719,1/6/19 11:45 AM,623.0,20.6,78.0,6.3,9.6
720,1/6/19 12:00 PM,667.0,20.4,78.0,6.3,10.2
721,1/6/19 12:15 PM,667.0,20.5,78.0,6.3,10.8
722,1/6/19 12:30 PM,590.0,22.2,78.0,6.3,11.3
723,1/6/19 12:45 PM,590.0,22.9,78.0,6.3,11.8
724,1/6/19 1:00 PM,877.0,23.9,78.0,6.3,12.4
725,1/6/19 1:15 PM,877.0,22.2,81.0,4.5,12.9
726,1/6/19 1:30 PM,811.0,22.8,81.0,4.5,13.4
727,1/6/19 1:45 PM,811.0,24.2,81.0,4.5,13.9
728,1/6/19 2:00 PM,416.0,24.4,81.0,4.5,14.2
729,1/6/19 2:15 PM,416.0,24.8,81.0,5.8,14.5
730,1/6/19 2:30 PM,417.0,24.2,81.0,5.8,14.8
731,1/6/19 2:45 PM,417.0,23.3,81.0,5.8,15.1
732,1/6/19 3:00 PM,518.0,22.9,81.0,5.8,15.1
733,1/6/19 3:15 PM,518.0,22.8,80.0,6.7,15.3
734,1/6/19 3:30 PM,102.0,23.0,80.0,6.7,15.5
735,1/6/19 3:45 PM,102.0,22.3,80.0,6.7,15.6
736,1/6/19 4:00 PM,7.0,22.4,80.0,6.7,15.6
737,1/6/19 4:15 PM,7.0,21.1,80.0,7.2,15.6
738,1/6/19 4:30 PM,279.0,19.0,80.0,7.2,15.6
739,1/6/19 4:45 PM,279.0,18.2,80.0,7.2,15.7
740,1/6/19 5:00 PM,346.0,17.9,80.0,7.2,15.7
741,1/6/19 5:15 PM,346.0,19.5,83.0,7.2,15.6
742,1/6/19 5:30 PM,68.0,20.1,83.0,7.2,15.4
743,1/6/19 5:45 PM,68.0,18.6,83.0,7.2,15.3
744,1/6/19 6:00 PM,0.0,17.2,83.0,7.2,15.1
745,1/6/19 6:15 PM,0.0,17.2,84.0,10.3,15.0
746,1/6/19 6:30 PM,0.0,17.0,84.0,10.3,14.9
747,1/6/19 6:45 PM,0.0,16.8,84.0,10.3,14.8
748,1/6/19 7:00 PM,0.0,16.5,84.0,10.3,14.8
749,1/6/19 7:15 PM,0.0,16.6,84.0,8.9,14.8
750,1/6/19 7:30 PM,0.0,16.8,84.0,8.9,14.8
751,1/6/19 7:45 PM,0.0,16.7,84.0,8.9,14.8
752,1/6/19 8:00 PM,0.0,16.8,84.0,8.9,14.7
753,1/6/19 8:15 PM,0.0,16.6,84.0,7.6,14.6
754,1/6/19 8:30 PM,0.0,16.5,84.0,7.6,14.6
755,1/6/19 8:45 PM,0.0,15.9,84.0,7.6,14.5
756,1/6/19 9:00 PM,0.0,15.7,84.0,7.6,14.5
757,1/6/19 9:15 PM,0.0,16.0,84.0,7.2,14.5
758,1/6/19 9:30 PM,0.0,16.4,84.0,7.2,14.4
759,1/6/19 9:45 PM,0.0,16.5,84.0,7.2,14.4
760,1/6/19 10:00 PM,0.0,16.6,84.0,7.2,14.3
761,1/6/19 10:15 PM,0.0,16.4,84.0,7.2,14.3
762,1/6/19 10:30 PM,0.0,16.3,84.0,7.2,14.2
763,1/6/19 10:45 PM,0.0,16.3,84.0,7.2,14.2
764,1/6/19 11:00 PM,0.0,16.4,84.0,7.2,14.2
765,1/6/19 11:15 PM,0.0,16.4,86.0,6.7,14.2
766,1/6/19 11:30 PM,0.0,16.2,86.0,6.7,14.1
767,1/6/19 11:45 PM,0.0,16.2,86.0,6.7,14.1
768,1/7/19 12:00 AM,0.0,16.2,86.0,6.7,14.2
769,1/7/19 12:15 AM,0.0,16.0,86.0,5.8,14.3
770,1/7/19 12:30 AM,0.0,16.1,86.0,5.8,14.4
771,1/7/19 12:45 AM,0.0,16.5,86.0,5.8,14.4
772,1/7/19 1:00 AM,0.0,16.7,86.0,5.8,14.5
773,1/7/19 1:15 AM,0.0,17.0,90.0,3.6,14.6
774,1/7/19 1:30 AM,0.0,17.1,90.0,3.6,14.7
775,1/7/19 1:45 AM,0.0,17.3,90.0,3.6,14.7
776,1/7/19 2:00 AM,0.0,17.3,90.0,3.6,14.8
777,1/7/19 2:15 AM,0.0,17.4,93.0,4.0,14.8
778,1/7/19 2:30 AM,0.0,17.4,93.0,4.0,14.8
779,1/7/19 2:45 AM,0.0,17.4,93.0,4.0,14.8
780,1/7/19 3:00 AM,0.0,17.2,93.0,4.0,14.7
781,1/7/19 3:15 AM,0.0,17.0,86.0,5.4,14.7
782,1/7/19 3:30 AM,0.0,16.8,86.0,5.4,14.8
783,1/7/19 3:45 AM,0.0,17.0,86.0,5.4,14.8
784,1/7/19 4:00 AM,0.0,17.0,86.0,5.4,14.8
785,1/7/19 4:15 AM,0.0,16.9,78.0,5.8,14.8
786,1/7/19 4:30 AM,0.0,17.1,78.0,5.8,14.8
787,1/7/19 4:45 AM,0.0,16.9,78.0,5.8,14.9
788,1/7/19 5:00 AM,0.0,16.9,78.0,5.8,14.9
789,1/7/19 5:15 AM,0.0,17.0,53.0,5.8,14.9
790,1/7/19 5:30 AM,0.0,17.0,53.0,5.8,14.9
791,1/7/19 5:45 AM,0.0,17.0,53.0,5.8,14.9
792,1/7/19 6:00 AM,0.0,17.2,53.0,5.8,15.0
793,1/7/19 6:15 AM,0.0,17.2,47.0,5.8,15.0
794,1/7/19 6:30 AM,0.0,17.4,47.0,5.8,15.0
795,1/7/19 6:45 AM,0.0,17.3,47.0,5.8,15.0
796,1/7/19 7:00 AM,0.0,17.3,47.0,5.8,15.0
797,1/7/19 7:15 AM,0.0,17.4,37.0,6.7,15.0
798,1/7/19 7:30 AM,36.0,17.3,37.0,6.7,15.0
799,1/7/19 7:45 AM,36.0,17.4,37.0,6.7,15.0
800,1/7/19 8:00 AM,187.0,17.0,37.0,6.7,15.0
801,1/7/19 8:15 AM,187.0,16.8,35.0,5.4,15.0
802,1/7/19 8:30 AM,372.0,16.9,35.0,5.4,15.0
803,1/7/19 8:45 AM,372.0,16.9,35.0,5.4,14.9
804,1/7/19 9:00 AM,503.0,16.8,35.0,5.4,14.9
805,1/7/19 9:15 AM,503.0,16.6,27.0,5.4,14.9
806,1/7/19 9:30 AM,574.0,16.6,27.0,5.4,14.9
807,1/7/19 9:45 AM,574.0,16.7,27.0,5.4,15.0